Date,Open,High,Low,Close,Change %,Volume
2017-05-10,136000.0,140000.0,132000.0,136000.0,0.0,0
2017-05-11,136000.0,140000.0,132000.0,136000.0,0.0,0
2017-05-12,136000.0,140000.0,132000.0,136000.0,0.0,0
2017-05-15,136000.0,140000.0,132000.0,136000.0,0.0,0
2017-05-16,136000.0,140000.0,132000.0,136000.0,0.0,0
2017-05-17,136000.0,140000.0,132000.0,136000.0,0.0,0
2017-05-18,136000.0,140000.0,132000.0,136000.0,0.0,0
2017-05-19,141000.0,145000.0,137000.0,141000.0,3.68,0
2017-05-22,141000.0,145000.0,137000.0,141000.0,0.0,0
2017-05-23,141000.0,145000.0,137000.0,141000.0,0.0,0
2017-05-24,141000.0,145000.0,137000.0,141000.0,0.0,0
2017-05-25,141000.0,145000.0,137000.0,141000.0,0.0,0
2017-05-26,141000.0,145000.0,137000.0,141000.0,0.0,0
2017-05-30,141000.0,145000.0,137000.0,141000.0,0.0,0
2017-05-31,141000.0,145000.0,137000.0,141000.0,0.0,0
2017-06-01,143000.0,147000.0,139000.0,143000.0,1.42,0
2017-06-02,143000.0,147000.0,139000.0,143000.0,0.0,0
2017-06-05,143000.0,147000.0,139000.0,143000.0,0.0,0
2017-06-06,144500.0,149000.0,140000.0,144500.0,1.05,0
2017-06-07,144500.0,149000.0,140000.0,144500.0,0.0,0
2017-06-08,144500.0,149000.0,140000.0,144500.0,0.0,0
2017-06-09,144500.0,149000.0,140000.0,144500.0,0.0,0
2017-06-12,144500.0,149000.0,140000.0,144500.0,0.0,0
2017-06-13,144500.0,149000.0,140000.0,144500.0,0.0,0
2017-06-14,144500.0,149000.0,140000.0,144500.0,0.0,0
2017-06-15,144500.0,149000.0,140000.0,144500.0,0.0,0
2017-06-16,144500.0,149000.0,140000.0,144500.0,0.0,0
2017-06-19,144500.0,149000.0,140000.0,144500.0,0.0,0
2017-06-20,144500.0,149000.0,140000.0,144500.0,0.0,0
2017-06-21,144500.0,149000.0,140000.0,144500.0,0.0,0
2017-06-22,144500.0,149000.0,140000.0,144500.0,0.0,0
2017-06-23,144500.0,149000.0,140000.0,144500.0,0.0,0
2017-06-26,145500.0,150000.0,141000.0,145500.0,0.69,0
2017-06-27,145500.0,150000.0,141000.0,145500.0,0.0,0
2017-06-28,145500.0,150000.0,141000.0,145500.0,0.0,0
2017-06-29,145500.0,150000.0,141000.0,145500.0,0.0,0
2017-06-30,145500.0,150000.0,141000.0,145500.0,0.0,0
2017-07-03,145500.0,150000.0,141000.0,145500.0,0.0,0
2017-07-04,145500.0,150000.0,141000.0,145500.0,0.0,0
2017-07-05,145500.0,150000.0,141000.0,145500.0,0.0,0
2017-07-06,145500.0,150000.0,141000.0,145500.0,0.0,0
2017-07-07,145500.0,150000.0,141000.0,145500.0,0.0,0
2017-07-10,145500.0,150000.0,141000.0,145500.0,0.0,0
2017-07-11,145500.0,150000.0,141000.0,145500.0,0.0,0
2017-07-12,145500.0,150000.0,141000.0,145500.0,0.0,0
2017-07-13,145500.0,150000.0,141000.0,145500.0,0.0,0
2017-07-14,145500.0,150000.0,141000.0,145500.0,0.0,0
2017-07-17,145500.0,150000.0,141000.0,145500.0,0.0,0
2017-07-18,145500.0,150000.0,141000.0,145500.0,0.0,0
2017-07-19,145500.0,150000.0,141000.0,145500.0,0.0,0
2017-07-20,145500.0,150000.0,141000.0,145500.0,0.0,0
2017-07-21,145500.0,150000.0,141000.0,145500.0,0.0,0
2017-07-24,145500.0,150000.0,141000.0,145500.0,0.0,0
2017-07-25,145500.0,150000.0,141000.0,145500.0,0.0,0
2017-07-26,145500.0,150000.0,141000.0,145500.0,0.0,0
2017-07-27,145500.0,150000.0,141000.0,145500.0,0.0,0
2017-07-28,145500.0,150000.0,141000.0,145500.0,0.0,0
2017-07-31,148500.0,153000.0,144000.0,148500.0,2.06,0
2017-08-01,148500.0,153000.0,144000.0,148500.0,0.0,0
2017-08-02,148500.0,153000.0,144000.0,148500.0,0.0,0
2017-08-03,148500.0,153000.0,144000.0,148500.0,0.0,0
2017-08-04,148500.0,153000.0,144000.0,148500.0,0.0,0
2017-08-07,148500.0,153000.0,144000.0,148500.0,0.0,0
2017-08-08,148500.0,153000.0,144000.0,148500.0,0.0,0
2017-08-10,151500.0,156000.0,147000.0,151500.0,2.02,0
2017-08-11,151500.0,156000.0,147000.0,151500.0,0.0,0
2017-08-14,151500.0,156000.0,147000.0,151500.0,0.0,0
2017-08-15,151500.0,156000.0,147000.0,151500.0,0.0,0
2017-08-16,151500.0,156000.0,147000.0,151500.0,0.0,0
2017-08-17,151500.0,156000.0,147000.0,151500.0,0.0,0
2017-08-18,151500.0,156000.0,147000.0,151500.0,0.0,0
2017-08-21,151500.0,156000.0,147000.0,151500.0,0.0,0
2017-08-22,156000.0,160000.0,152000.0,156000.0,2.97,0
2017-08-23,156000.0,160000.0,152000.0,156000.0,0.0,0
2017-08-24,156000.0,160000.0,152000.0,156000.0,0.0,0
2017-08-25,156000.0,160000.0,152000.0,156000.0,0.0,0
2017-08-28,156000.0,160000.0,152000.0,156000.0,0.0,0
2017-08-29,156000.0,160000.0,152000.0,156000.0,0.0,0
2017-08-30,156000.0,160000.0,152000.0,156000.0,0.0,0
2017-08-31,156000.0,160000.0,152000.0,156000.0,0.0,0
2017-09-01,156000.0,160000.0,152000.0,156000.0,0.0,0
2017-09-04,156000.0,160000.0,152000.0,156000.0,0.0,0
2017-09-05,156000.0,160000.0,152000.0,156000.0,0.0,0
2017-09-06,156000.0,160000.0,152000.0,156000.0,0.0,0
2017-09-07,156000.0,160000.0,152000.0,156000.0,0.0,0
2017-09-08,156000.0,160000.0,152000.0,156000.0,0.0,0
2017-09-11,158000.0,162000.0,154000.0,158000.0,1.28,0
2017-09-12,158000.0,162000.0,154000.0,158000.0,0.0,0
2017-09-13,158000.0,162000.0,154000.0,158000.0,0.0,0
2017-09-14,158000.0,162000.0,154000.0,158000.0,0.0,0
2017-09-15,158000.0,162000.0,154000.0,158000.0,0.0,0
2017-09-18,158000.0,162000.0,154000.0,158000.0,0.0,0
2017-09-19,163000.0,167000.0,159000.0,163000.0,3.16,0
2017-09-20,163000.0,167000.0,159000.0,163000.0,0.0,0
2017-09-21,163000.0,167000.0,159000.0,163000.0,0.0,0
2017-09-22,163000.0,167000.0,159000.0,163000.0,0.0,0
2017-09-26,163000.0,167000.0,159000.0,163000.0,0.0,0
2017-09-27,163000.0,167000.0,159000.0,163000.0,0.0,0
2017-09-28,163000.0,167000.0,159000.0,163000.0,0.0,0
2017-09-29,163000.0,167000.0,159000.0,163000.0,0.0,0
2017-10-09,163000.0,167000.0,159000.0,163000.0,0.0,0
2017-10-10,163000.0,167000.0,159000.0,163000.0,0.0,0
2017-10-11,168000.0,172000.0,164000.0,168000.0,3.07,0
2017-10-12,171000.0,175000.0,167000.0,171000.0,1.79,0
2017-10-13,171000.0,175000.0,167000.0,171000.0,0.0,0
2017-10-16,171000.0,175000.0,167000.0,171000.0,0.0,0
2017-10-17,171000.0,175000.0,167000.0,171000.0,0.0,0
2017-10-18,171000.0,175000.0,167000.0,171000.0,0.0,0
2017-10-19,171000.0,175000.0,167000.0,171000.0,0.0,0
2017-10-20,171000.0,175000.0,167000.0,171000.0,0.0,0
2017-10-23,171000.0,175000.0,167000.0,171000.0,0.0,0
2017-10-24,171000.0,175000.0,167000.0,171000.0,0.0,0
2017-10-25,171000.0,175000.0,167000.0,171000.0,0.0,0
2017-10-26,171000.0,175000.0,167000.0,171000.0,0.0,0
2017-10-27,171000.0,175000.0,167000.0,171000.0,0.0,0
2017-10-30,171000.0,175000.0,167000.0,171000.0,0.0,0
2017-10-31,171000.0,175000.0,167000.0,171000.0,0.0,0
2017-11-01,171000.0,175000.0,167000.0,171000.0,0.0,0
2017-11-02,171000.0,175000.0,167000.0,171000.0,0.0,0
2017-11-03,171000.0,175000.0,167000.0,171000.0,0.0,0
2017-11-06,171000.0,175000.0,167000.0,171000.0,0.0,0
2017-11-07,171000.0,175000.0,167000.0,171000.0,0.0,0
2017-11-08,171000.0,175000.0,167000.0,171000.0,0.0,0
2017-11-09,171000.0,175000.0,167000.0,171000.0,0.0,0
2017-11-10,171000.0,175000.0,167000.0,171000.0,0.0,0
2017-11-13,171000.0,175000.0,167000.0,171000.0,0.0,0
2017-11-14,171000.0,175000.0,167000.0,171000.0,0.0,0
2017-11-15,171000.0,175000.0,167000.0,171000.0,0.0,0
2017-11-16,171000.0,175000.0,167000.0,171000.0,0.0,0
2017-11-17,171000.0,175000.0,167000.0,171000.0,0.0,0
2017-11-20,171000.0,175000.0,167000.0,171000.0,0.0,0
2017-11-21,171000.0,175000.0,167000.0,171000.0,0.0,0
2017-11-22,171000.0,175000.0,167000.0,171000.0,0.0,0
2017-11-23,171000.0,175000.0,167000.0,171000.0,0.0,0
2017-11-24,171000.0,175000.0,167000.0,171000.0,0.0,0
2017-11-27,171000.0,175000.0,167000.0,171000.0,0.0,0
2017-11-28,171000.0,175000.0,167000.0,171000.0,0.0,0
2017-11-29,171000.0,175000.0,167000.0,171000.0,0.0,0
2017-11-30,171000.0,175000.0,167000.0,171000.0,0.0,0
2017-12-01,171000.0,175000.0,167000.0,171000.0,0.0,0
2017-12-04,171000.0,175000.0,167000.0,171000.0,0.0,0
2017-12-05,171000.0,175000.0,167000.0,171000.0,0.0,0
2017-12-06,171000.0,175000.0,167000.0,171000.0,0.0,0
2017-12-07,171000.0,175000.0,167000.0,171000.0,0.0,0
2017-12-08,171000.0,175000.0,167000.0,171000.0,0.0,0
2017-12-11,171000.0,175000.0,167000.0,171000.0,0.0,0
2017-12-12,171000.0,175000.0,167000.0,171000.0,0.0,0
2017-12-13,171000.0,175000.0,167000.0,171000.0,0.0,0
2017-12-14,169000.0,173000.0,165000.0,169000.0,-1.17,0
2017-12-15,169000.0,173000.0,165000.0,169000.0,0.0,0
2017-12-18,169000.0,173000.0,165000.0,169000.0,0.0,0
2017-12-19,169000.0,173000.0,165000.0,169000.0,0.0,0
2017-12-20,169000.0,173000.0,165000.0,169000.0,0.0,0
2017-12-21,166000.0,170000.0,162000.0,166000.0,-1.78,0
2017-12-22,166000.0,170000.0,162000.0,166000.0,0.0,0
2017-12-25,166000.0,170000.0,162000.0,166000.0,0.0,0
2017-12-26,166000.0,170000.0,162000.0,166000.0,0.0,0
2017-12-27,166000.0,170000.0,162000.0,166000.0,0.0,0
2017-12-28,166000.0,170000.0,162000.0,166000.0,0.0,0
2017-12-29,166000.0,170000.0,162000.0,166000.0,0.0,0
2018-01-02,166000.0,170000.0,162000.0,166000.0,0.0,0
2018-01-03,166000.0,170000.0,162000.0,166000.0,0.0,0
2018-01-04,166000.0,170000.0,162000.0,166000.0,0.0,0
2018-01-05,164000.0,168000.0,160000.0,164000.0,-1.2,0
2018-01-08,164000.0,168000.0,160000.0,164000.0,0.0,0
2018-01-09,161500.0,165000.0,158000.0,161500.0,-1.52,0
2018-01-10,161500.0,165000.0,158000.0,161500.0,0.0,0
2018-01-11,161500.0,165000.0,158000.0,161500.0,0.0,0
2018-01-12,161500.0,165000.0,158000.0,161500.0,0.0,0
2018-01-15,158500.0,162000.0,155000.0,158500.0,-1.86,0
2018-01-16,158500.0,162000.0,155000.0,158500.0,0.0,0
2018-01-17,158500.0,162000.0,155000.0,158500.0,0.0,0
2018-01-18,158500.0,162000.0,155000.0,158500.0,0.0,0
2018-01-19,156500.0,160000.0,153000.0,156500.0,-1.26,0
2018-01-22,156500.0,160000.0,153000.0,156500.0,0.0,0
2018-01-23,156500.0,160000.0,153000.0,156500.0,0.0,0
2018-01-24,154500.0,158000.0,151000.0,154500.0,-1.28,0
2018-01-25,154500.0,158000.0,151000.0,154500.0,0.0,0
2018-01-26,154500.0,158000.0,151000.0,154500.0,0.0,0
2018-01-29,154500.0,158000.0,151000.0,154500.0,0.0,0
2018-01-30,154500.0,158000.0,151000.0,154500.0,0.0,0
2018-01-31,154500.0,158000.0,151000.0,154500.0,0.0,0
2018-02-01,154500.0,158000.0,151000.0,154500.0,0.0,0
2018-02-02,154500.0,158000.0,151000.0,154500.0,0.0,0
2018-02-05,154500.0,158000.0,151000.0,154500.0,0.0,0
2018-02-06,154500.0,158000.0,151000.0,154500.0,0.0,0
2018-02-07,154500.0,158000.0,151000.0,154500.0,0.0,0
2018-02-08,154500.0,158000.0,151000.0,154500.0,0.0,0
2018-02-09,154500.0,158000.0,151000.0,154500.0,0.0,0
2018-02-22,154500.0,158000.0,151000.0,154500.0,0.0,0
2018-02-23,154500.0,158000.0,151000.0,154500.0,0.0,0
2018-02-26,154500.0,158000.0,151000.0,154500.0,0.0,0
2018-02-27,154500.0,158000.0,151000.0,154500.0,0.0,0
2018-02-28,154500.0,158000.0,151000.0,154500.0,0.0,0
2018-03-01,154500.0,158000.0,151000.0,154500.0,0.0,0
2018-03-02,154500.0,158000.0,151000.0,154500.0,0.0,0
2018-03-05,154500.0,158000.0,151000.0,154500.0,0.0,0
2018-03-06,154500.0,158000.0,151000.0,154500.0,0.0,0
2018-03-07,154500.0,158000.0,151000.0,154500.0,0.0,0
2018-03-08,154500.0,158000.0,151000.0,154500.0,0.0,0
2018-03-09,154500.0,158000.0,151000.0,154500.0,0.0,0
2018-03-12,154500.0,158000.0,151000.0,154500.0,0.0,0
2018-03-13,154500.0,158000.0,151000.0,154500.0,0.0,0
2018-03-14,154500.0,158000.0,151000.0,154500.0,0.0,0
2018-03-15,154500.0,158000.0,151000.0,154500.0,0.0,0
2018-03-16,154500.0,158000.0,151000.0,154500.0,0.0,0
2018-03-19,154500.0,158000.0,151000.0,154500.0,0.0,0
2018-03-20,154500.0,158000.0,151000.0,154500.0,0.0,0
2018-03-21,154500.0,158000.0,151000.0,154500.0,0.0,0
2018-03-22,154500.0,158000.0,151000.0,154500.0,0.0,0
2018-03-23,154500.0,158000.0,151000.0,154500.0,0.0,0
2018-03-26,154500.0,158000.0,151000.0,154500.0,0.0,0
2018-03-27,154500.0,158000.0,151000.0,154500.0,0.0,0
2018-03-28,154500.0,158000.0,151000.0,154500.0,0.0,0
2018-03-29,154500.0,158000.0,151000.0,154500.0,0.0,0
2018-03-30,154500.0,158000.0,151000.0,154500.0,0.0,0
2018-04-02,154500.0,158000.0,151000.0,154500.0,0.0,0
2018-04-03,153500.0,157000.0,150000.0,153500.0,-0.65,0
2018-04-04,153500.0,157000.0,150000.0,153500.0,0.0,0
2018-04-09,153500.0,157000.0,150000.0,153500.0,0.0,0
2018-04-10,153500.0,157000.0,150000.0,153500.0,0.0,0
2018-04-11,153500.0,157000.0,150000.0,153500.0,0.0,0
2018-04-12,151500.0,155000.0,148000.0,151500.0,-1.3,0
2018-04-13,149500.0,153000.0,146000.0,149500.0,-1.32,0
2018-04-16,146500.0,150000.0,143000.0,146500.0,-2.01,0
2018-04-17,146500.0,150000.0,143000.0,146500.0,0.0,0
2018-04-18,146500.0,150000.0,143000.0,146500.0,0.0,0
2018-04-19,146500.0,150000.0,143000.0,146500.0,0.0,0
2018-04-20,146500.0,150000.0,143000.0,146500.0,0.0,0
2018-04-23,146500.0,150000.0,143000.0,146500.0,0.0,0
2018-04-24,145500.0,149000.0,142000.0,145500.0,-0.68,0
2018-04-25,145500.0,149000.0,142000.0,145500.0,0.0,0
2018-04-26,143500.0,147000.0,140000.0,143500.0,-1.37,0
2018-04-27,143500.0,147000.0,140000.0,143500.0,0.0,0
2018-05-02,142000.0,145000.0,139000.0,142000.0,-1.05,0
2018-05-03,141000.0,144000.0,138000.0,141000.0,-0.7,0
2018-05-04,141000.0,144000.0,138000.0,141000.0,0.0,0
2018-05-07,141000.0,144000.0,138000.0,141000.0,0.0,0
2018-05-08,141000.0,144000.0,138000.0,141000.0,0.0,0
2018-05-09,141000.0,144000.0,138000.0,141000.0,0.0,0
2018-05-10,141000.0,144000.0,138000.0,141000.0,0.0,0
2018-05-11,141000.0,144000.0,138000.0,141000.0,0.0,0
2018-05-14,141000.0,144000.0,138000.0,141000.0,0.0,0
2018-05-15,141000.0,144000.0,138000.0,141000.0,0.0,0
2018-05-16,141000.0,144000.0,138000.0,141000.0,0.0,0
2018-05-17,141000.0,144000.0,138000.0,141000.0,0.0,0
2018-05-18,141000.0,144000.0,138000.0,141000.0,0.0,0
2018-05-21,141000.0,144000.0,138000.0,141000.0,0.0,0
2018-05-22,141000.0,144000.0,138000.0,141000.0,0.0,0
2018-05-23,141000.0,144000.0,138000.0,141000.0,0.0,0
2018-05-24,141000.0,144000.0,138000.0,141000.0,0.0,0
2018-05-25,141000.0,144000.0,138000.0,141000.0,0.0,0
2018-05-28,139000.0,142000.0,136000.0,139000.0,-1.42,0
2018-05-29,136000.0,139000.0,133000.0,136000.0,-2.16,0
2018-05-30,133000.0,136000.0,130000.0,133000.0,-2.21,0
2018-05-31,133000.0,136000.0,130000.0,133000.0,0.0,0
2018-06-01,133000.0,136000.0,130000.0,133000.0,0.0,0
2018-06-04,133000.0,136000.0,130000.0,133000.0,0.0,0
2018-06-05,130000.0,133000.0,127000.0,130000.0,-2.26,0
2018-06-06,127000.0,130000.0,124000.0,127000.0,-2.31,0
2018-06-07,127000.0,130000.0,124000.0,127000.0,0.0,0
2018-06-08,127000.0,130000.0,124000.0,127000.0,0.0,0
2018-06-11,127000.0,130000.0,124000.0,127000.0,0.0,0
2018-06-12,127000.0,130000.0,124000.0,127000.0,0.0,0
2018-06-13,127000.0,130000.0,124000.0,127000.0,0.0,0
2018-06-14,127000.0,130000.0,124000.0,127000.0,0.0,0
2018-06-15,125000.0,128000.0,122000.0,125000.0,-1.57,0
2018-06-19,125000.0,128000.0,122000.0,125000.0,0.0,0
2018-06-20,125000.0,128000.0,122000.0,125000.0,0.0,0
2018-06-21,125000.0,128000.0,122000.0,125000.0,0.0,0
2018-06-22,125000.0,128000.0,122000.0,125000.0,0.0,0
2018-06-25,125000.0,128000.0,122000.0,125000.0,0.0,0
2018-06-26,125000.0,128000.0,122000.0,125000.0,0.0,0
2018-06-27,123000.0,126000.0,120000.0,123000.0,-1.6,0
2018-06-28,123000.0,126000.0,120000.0,123000.0,0.0,0
2018-06-29,123000.0,126000.0,120000.0,123000.0,0.0,0
2018-07-02,123000.0,126000.0,120000.0,123000.0,0.0,0
2018-07-03,121000.0,124000.0,118000.0,121000.0,-1.63,0
2018-07-04,119000.0,122000.0,116000.0,119000.0,-1.65,0
2018-07-05,119000.0,122000.0,116000.0,119000.0,0.0,0
2018-07-06,119000.0,122000.0,116000.0,119000.0,0.0,0
2018-07-09,119000.0,122000.0,116000.0,119000.0,0.0,0
2018-07-10,117000.0,120000.0,114000.0,117000.0,-1.68,0
2018-07-11,117000.0,120000.0,114000.0,117000.0,0.0,0
2018-07-12,117000.0,120000.0,114000.0,117000.0,0.0,0
2018-07-13,117000.0,120000.0,114000.0,117000.0,0.0,0
2018-07-16,117000.0,120000.0,114000.0,117000.0,0.0,0
2018-07-17,117000.0,120000.0,114000.0,117000.0,0.0,0
2018-07-18,117000.0,120000.0,114000.0,117000.0,0.0,0
2018-07-19,117000.0,120000.0,114000.0,117000.0,0.0,0
2018-07-20,117000.0,120000.0,114000.0,117000.0,0.0,0
2018-07-23,114000.0,117000.0,111000.0,114000.0,-2.56,0
2018-07-24,111000.0,114000.0,108000.0,111000.0,-2.63,0
2018-07-25,108000.0,111000.0,105000.0,108000.0,-2.7,0
2018-07-26,106000.0,109000.0,103000.0,106000.0,-1.85,0
2018-07-27,106000.0,109000.0,103000.0,106000.0,0.0,0
2018-07-30,103000.0,106000.0,100000.0,103000.0,-2.83,0
2018-07-31,103000.0,106000.0,100000.0,103000.0,0.0,0
2018-08-01,101000.0,104000.0,98000.0,101000.0,-1.94,0
2018-08-02,100000.0,103000.0,97000.0,100000.0,-0.99,0
2018-08-03,98000.0,101000.0,95000.0,98000.0,-2.0,0
2018-08-06,97000.0,100000.0,94000.0,97000.0,-1.02,0
2018-08-07,97000.0,100000.0,94000.0,97000.0,0.0,0
2018-08-08,97000.0,100000.0,94000.0,97000.0,0.0,0
2018-08-09,97000.0,100000.0,94000.0,97000.0,0.0,0
2018-08-10,97000.0,100000.0,94000.0,97000.0,0.0,0
2018-08-13,96000.0,99000.0,93000.0,96000.0,-1.03,0
2018-08-14,95000.0,98000.0,92000.0,95000.0,-1.04,0
2018-08-15,94000.0,97000.0,91000.0,94000.0,-1.05,0
2018-08-16,94000.0,97000.0,91000.0,94000.0,0.0,0
2018-08-17,93000.0,96000.0,90000.0,93000.0,-1.06,0
2018-08-20,93000.0,96000.0,90000.0,93000.0,0.0,0
2018-08-21,93000.0,96000.0,90000.0,93000.0,0.0,0
2018-08-22,91000.0,94000.0,88000.0,91000.0,-2.15,0
2018-08-23,89000.0,92000.0,86000.0,89000.0,-2.2,0
2018-08-24,88000.0,91000.0,85000.0,88000.0,-1.12,0
2018-08-27,86000.0,89000.0,83000.0,86000.0,-2.27,0
2018-08-28,84000.0,87000.0,81000.0,84000.0,-2.33,0
2018-08-29,84000.0,87000.0,81000.0,84000.0,0.0,0
2018-08-30,84000.0,87000.0,81000.0,84000.0,0.0,0
2018-08-31,84000.0,87000.0,81000.0,84000.0,0.0,0
2018-09-03,84000.0,87000.0,81000.0,84000.0,0.0,0
2018-09-04,84000.0,87000.0,81000.0,84000.0,0.0,0
2018-09-05,84000.0,87000.0,81000.0,84000.0,0.0,0
2018-09-06,84000.0,87000.0,81000.0,84000.0,0.0,0
2018-09-07,84000.0,87000.0,81000.0,84000.0,0.0,0
2018-09-10,84000.0,87000.0,81000.0,84000.0,0.0,0
2018-09-11,84000.0,87000.0,81000.0,84000.0,0.0,0
2018-09-12,84000.0,87000.0,81000.0,84000.0,0.0,0
2018-09-13,84000.0,87000.0,81000.0,84000.0,0.0,0
2018-09-14,84000.0,87000.0,81000.0,84000.0,0.0,0
2018-09-17,83000.0,86000.0,80000.0,83000.0,-1.19,0
2018-09-18,82000.0,85000.0,79000.0,82000.0,-1.2,0
2018-09-19,82000.0,85000.0,79000.0,82000.0,0.0,0
2018-09-20,80500.0,83000.0,78000.0,80500.0,-1.83,0
2018-09-21,80500.0,83000.0,78000.0,80500.0,0.0,0
2018-09-25,80500.0,83000.0,78000.0,80500.0,0.0,0
2018-09-26,80500.0,83000.0,78000.0,80500.0,0.0,0
2018-09-27,80500.0,83000.0,78000.0,80500.0,0.0,0
2018-09-28,80500.0,83000.0,78000.0,80500.0,0.0,0
2018-10-08,80500.0,83000.0,78000.0,80500.0,0.0,0
2018-10-09,79000.0,81000.0,77000.0,79000.0,-1.86,0
2018-10-10,78000.0,80000.0,76000.0,78000.0,-1.27,0
2018-10-11,78000.0,80000.0,76000.0,78000.0,0.0,0
2018-10-12,78000.0,80000.0,76000.0,78000.0,0.0,0
2018-10-15,78000.0,80000.0,76000.0,78000.0,0.0,0
2018-10-16,78000.0,80000.0,76000.0,78000.0,0.0,0
2018-10-17,78000.0,80000.0,76000.0,78000.0,0.0,0
2018-10-18,78000.0,80000.0,76000.0,78000.0,0.0,0
2018-10-19,78000.0,80000.0,76000.0,78000.0,0.0,0
2018-10-22,78000.0,80000.0,76000.0,78000.0,0.0,0
2018-10-23,78000.0,80000.0,76000.0,78000.0,0.0,0
2018-10-24,78000.0,80000.0,76000.0,78000.0,0.0,0
2018-10-25,78000.0,80000.0,76000.0,78000.0,0.0,0
2018-10-26,78000.0,80000.0,76000.0,78000.0,0.0,0
2018-10-29,78000.0,80000.0,76000.0,78000.0,0.0,0
2018-10-30,78000.0,80000.0,76000.0,78000.0,0.0,0
2018-10-31,78000.0,80000.0,76000.0,78000.0,0.0,0
2018-11-01,80000.0,82000.0,78000.0,80000.0,2.56,0
2018-11-02,80000.0,82000.0,78000.0,80000.0,0.0,0
2018-11-05,80000.0,82000.0,78000.0,80000.0,0.0,0
2018-11-06,80000.0,82000.0,78000.0,80000.0,0.0,0
2018-11-07,80000.0,82000.0,78000.0,80000.0,0.0,0
2018-11-08,80000.0,82000.0,78000.0,80000.0,0.0,0
2018-11-09,80000.0,82000.0,78000.0,80000.0,0.0,0
2018-11-12,80000.0,82000.0,78000.0,80000.0,0.0,0
2018-11-13,80000.0,82000.0,78000.0,80000.0,0.0,0
2018-11-14,80000.0,82000.0,78000.0,80000.0,0.0,0
2018-11-15,80000.0,82000.0,78000.0,80000.0,0.0,0
2018-11-16,80000.0,82000.0,78000.0,80000.0,0.0,0
2018-11-19,80000.0,82000.0,78000.0,80000.0,0.0,0
2018-11-20,80000.0,82000.0,78000.0,80000.0,0.0,0
2018-11-21,80000.0,82000.0,78000.0,80000.0,0.0,0
2018-11-22,80000.0,82000.0,78000.0,80000.0,0.0,0
2018-11-23,80000.0,82000.0,78000.0,80000.0,0.0,0
2018-11-26,80000.0,82000.0,78000.0,80000.0,0.0,0
2018-11-27,80000.0,82000.0,78000.0,80000.0,0.0,0
2018-11-28,80000.0,82000.0,78000.0,80000.0,0.0,0
2018-11-29,80000.0,82000.0,78000.0,80000.0,0.0,0
2018-11-30,80000.0,82000.0,78000.0,80000.0,0.0,0
2018-12-03,80000.0,82000.0,78000.0,80000.0,0.0,0
2018-12-04,80000.0,82000.0,78000.0,80000.0,0.0,0
2018-12-05,80000.0,82000.0,78000.0,80000.0,0.0,0
2018-12-06,80000.0,82000.0,78000.0,80000.0,0.0,0
2018-12-07,80000.0,82000.0,78000.0,80000.0,0.0,0
2018-12-10,80000.0,82000.0,78000.0,80000.0,0.0,0
2018-12-11,80000.0,82000.0,78000.0,80000.0,0.0,0
2018-12-12,80000.0,82000.0,78000.0,80000.0,0.0,0
2018-12-13,80000.0,82000.0,78000.0,80000.0,0.0,0
2018-12-14,80000.0,82000.0,78000.0,80000.0,0.0,0
2018-12-17,80000.0,82000.0,78000.0,80000.0,0.0,0
2018-12-18,80000.0,82000.0,78000.0,80000.0,0.0,0
2018-12-19,79500.0,81000.0,78000.0,79500.0,-0.63,0
2018-12-20,79500.0,81000.0,78000.0,79500.0,0.0,0
2018-12-21,79500.0,81000.0,78000.0,79500.0,0.0,0
2018-12-24,79500.0,81000.0,78000.0,79500.0,0.0,0
2018-12-25,79500.0,81000.0,78000.0,79500.0,0.0,0
2018-12-26,79500.0,81000.0,78000.0,79500.0,0.0,0
2018-12-27,79500.0,81000.0,78000.0,79500.0,0.0,0
2018-12-28,79500.0,81000.0,78000.0,79500.0,0.0,0
2019-01-02,79500.0,81000.0,78000.0,79500.0,0.0,0
2019-01-03,79500.0,81000.0,78000.0,79500.0,0.0,0
2019-01-07,79500.0,81000.0,78000.0,79500.0,0.0,0
2019-01-08,79000.0,80500.0,77500.0,79000.0,-0.63,0
2019-01-09,79000.0,80500.0,77500.0,79000.0,0.0,0
2019-01-10,79000.0,80500.0,77500.0,79000.0,0.0,0
2019-01-11,78500.0,80000.0,77000.0,78500.0,-0.63,0
2019-01-14,78500.0,80000.0,77000.0,78500.0,0.0,0
2019-01-15,77500.0,79000.0,76000.0,77500.0,-1.27,0
2019-01-16,77500.0,79000.0,76000.0,77500.0,0.0,0
2019-01-17,77500.0,79000.0,76000.0,77500.0,0.0,0
2019-01-18,77500.0,79000.0,76000.0,77500.0,0.0,0
2019-01-21,77500.0,79000.0,76000.0,77500.0,0.0,0
2019-01-22,77500.0,79000.0,76000.0,77500.0,0.0,0
2019-01-23,77500.0,79000.0,76000.0,77500.0,0.0,0
2019-01-24,77500.0,79000.0,76000.0,77500.0,0.0,0
2019-01-25,77500.0,79000.0,76000.0,77500.0,0.0,0
2019-01-28,77500.0,79000.0,76000.0,77500.0,0.0,0
2019-01-29,77500.0,79000.0,76000.0,77500.0,0.0,0
2019-01-30,77500.0,79000.0,76000.0,77500.0,0.0,0
2019-01-31,77500.0,79000.0,76000.0,77500.0,0.0,0
2019-02-01,77500.0,79000.0,76000.0,77500.0,0.0,0
2019-02-11,77500.0,79000.0,76000.0,77500.0,0.0,0
2019-02-12,77500.0,79000.0,76000.0,77500.0,0.0,0
2019-02-13,77500.0,79000.0,76000.0,77500.0,0.0,0
2019-02-14,77500.0,79000.0,76000.0,77500.0,0.0,0
2019-02-15,77500.0,79000.0,76000.0,77500.0,0.0,0
2019-02-18,77500.0,79000.0,76000.0,77500.0,0.0,0
2019-02-19,78500.0,80000.0,77000.0,78500.0,1.29,0
2019-02-20,78500.0,80000.0,77000.0,78500.0,0.0,0
2019-02-21,78500.0,80000.0,77000.0,78500.0,0.0,0
2019-02-22,78500.0,80000.0,77000.0,78500.0,0.0,0
2019-02-25,78500.0,80000.0,77000.0,78500.0,0.0,0
2019-02-26,78500.0,80000.0,77000.0,78500.0,0.0,0
2019-02-27,78500.0,80000.0,77000.0,78500.0,0.0,0
2019-02-28,78500.0,80000.0,77000.0,78500.0,0.0,0
2019-03-01,77500.0,79000.0,76000.0,77500.0,-1.27,0
2019-03-04,77500.0,79000.0,76000.0,77500.0,0.0,0
2019-03-05,77500.0,79000.0,76000.0,77500.0,0.0,0
2019-03-06,77500.0,79000.0,76000.0,77500.0,0.0,0
2019-03-07,77500.0,79000.0,76000.0,77500.0,0.0,0
2019-03-08,75500.0,77000.0,74000.0,75500.0,-2.58,0
2019-03-11,75500.0,77000.0,74000.0,75500.0,0.0,0
2019-03-12,75500.0,77000.0,74000.0,75500.0,0.0,0
2019-03-13,75500.0,77000.0,74000.0,75500.0,0.0,0
2019-03-14,75500.0,77000.0,74000.0,75500.0,0.0,0
2019-03-15,75500.0,77000.0,74000.0,75500.0,0.0,0
2019-03-18,75500.0,77000.0,74000.0,75500.0,0.0,0
2019-03-19,75500.0,77000.0,74000.0,75500.0,0.0,0
2019-03-20,75500.0,77000.0,74000.0,75500.0,0.0,0
2019-03-21,75500.0,77000.0,74000.0,75500.0,0.0,0
2019-03-22,75500.0,77000.0,74000.0,75500.0,0.0,0
2019-03-25,75500.0,77000.0,74000.0,75500.0,0.0,0
2019-03-26,75500.0,77000.0,74000.0,75500.0,0.0,0
2019-03-27,76500.0,78000.0,75000.0,76500.0,1.32,0
2019-03-28,76500.0,78000.0,75000.0,76500.0,0.0,0
2019-03-29,76500.0,78000.0,75000.0,76500.0,0.0,0
2019-04-01,76500.0,78000.0,75000.0,76500.0,0.0,0
2019-04-02,76500.0,78000.0,75000.0,76500.0,0.0,0
2019-04-03,76500.0,78000.0,75000.0,76500.0,0.0,0
2019-04-04,76500.0,78000.0,75000.0,76500.0,0.0,0
2019-04-08,76500.0,78000.0,75000.0,76500.0,0.0,0
2019-04-09,76500.0,78000.0,75000.0,76500.0,0.0,0
2019-04-10,76000.0,77500.0,74500.0,76000.0,-0.65,0
2019-04-11,76000.0,77500.0,74500.0,76000.0,0.0,0
2019-04-12,76000.0,77500.0,74500.0,76000.0,0.0,0
2019-04-15,76000.0,77500.0,74500.0,76000.0,0.0,0
2019-04-16,76000.0,77500.0,74500.0,76000.0,0.0,0
2019-04-17,76000.0,77500.0,74500.0,76000.0,0.0,0
2019-04-18,76000.0,77500.0,74500.0,76000.0,0.0,0
2019-04-19,76000.0,77500.0,74500.0,76000.0,0.0,0
2019-04-22,76000.0,77500.0,74500.0,76000.0,0.0,0
2019-04-23,76500.0,78000.0,75000.0,76500.0,0.66,0
2019-04-24,76500.0,78000.0,75000.0,76500.0,0.0,0
2019-04-25,76500.0,78000.0,75000.0,76500.0,0.0,0
2019-04-26,76500.0,78000.0,75000.0,76500.0,0.0,0
2019-04-29,76500.0,78000.0,75000.0,76500.0,0.0,0
2019-04-30,76500.0,78000.0,75000.0,76500.0,0.0,0
2019-05-06,76500.0,78000.0,75000.0,76500.0,0.0,0
2019-05-07,76500.0,78000.0,75000.0,76500.0,0.0,0
2019-05-08,76500.0,78000.0,75000.0,76500.0,0.0,0
2019-05-09,76500.0,78000.0,75000.0,76500.0,0.0,0
2019-05-10,76500.0,78000.0,75000.0,76500.0,0.0,0
2019-05-13,76500.0,78000.0,75000.0,76500.0,0.0,0
2019-05-14,76500.0,78000.0,75000.0,76500.0,0.0,0
2019-05-15,76500.0,78000.0,75000.0,76500.0,0.0,0
2019-05-16,76500.0,78000.0,75000.0,76500.0,0.0,0
2019-05-17,76500.0,78000.0,75000.0,76500.0,0.0,0
2019-05-20,76500.0,78000.0,75000.0,76500.0,0.0,0
2019-05-21,76500.0,78000.0,75000.0,76500.0,0.0,0
2019-05-22,76500.0,78000.0,75000.0,76500.0,0.0,0
2019-05-23,76500.0,78000.0,75000.0,76500.0,0.0,0
2019-05-24,76500.0,78000.0,75000.0,76500.0,0.0,0
2019-05-27,77000.0,78500.0,75500.0,77000.0,0.65,0
2019-05-28,77000.0,78500.0,75500.0,77000.0,0.0,0
2019-05-29,77000.0,78500.0,75500.0,77000.0,0.0,0
2019-05-30,77000.0,78500.0,75500.0,77000.0,0.0,0
2019-05-31,77000.0,78500.0,75500.0,77000.0,0.0,0
2019-06-03,77000.0,78500.0,75500.0,77000.0,0.0,0
2019-06-04,77000.0,78500.0,75500.0,77000.0,0.0,0
2019-06-05,77000.0,78500.0,75500.0,77000.0,0.0,0
2019-06-06,77000.0,78500.0,75500.0,77000.0,0.0,0
2019-06-10,77000.0,78500.0,75500.0,77000.0,0.0,0
2019-06-11,77000.0,78500.0,75500.0,77000.0,0.0,0
2019-06-12,77000.0,78500.0,75500.0,77000.0,0.0,0
2019-06-13,76000.0,77500.0,74500.0,76000.0,-1.3,0
2019-06-14,75500.0,77000.0,74000.0,75500.0,-0.66,0
2019-06-17,75500.0,77000.0,74000.0,75500.0,0.0,0
2019-06-18,75500.0,77000.0,74000.0,75500.0,0.0,0
2019-06-19,75000.0,76500.0,73500.0,75000.0,-0.66,0
2019-06-20,75000.0,76500.0,73500.0,75000.0,0.0,0
2019-06-21,75000.0,76500.0,73500.0,75000.0,0.0,0
2019-06-24,74500.0,76000.0,73000.0,74500.0,-0.67,0
2019-06-25,74500.0,76000.0,73000.0,74500.0,0.0,0
2019-06-26,74500.0,76000.0,73000.0,74500.0,0.0,0
2019-06-27,73500.0,75000.0,72000.0,73500.0,-1.34,0
2019-06-28,73500.0,75000.0,72000.0,73500.0,0.0,0
2019-07-01,72500.0,74000.0,71000.0,72500.0,-1.36,0
2019-07-02,72500.0,74000.0,71000.0,72500.0,0.0,0
2019-07-03,72500.0,74000.0,71000.0,72500.0,0.0,0
2019-07-04,72500.0,74000.0,71000.0,72500.0,0.0,0
2019-07-05,72500.0,74000.0,71000.0,72500.0,0.0,0
2019-07-08,72000.0,73500.0,70500.0,72000.0,-0.69,0
2019-07-09,71500.0,73000.0,70000.0,71500.0,-0.69,0
2019-07-10,71500.0,73000.0,70000.0,71500.0,0.0,0
2019-07-11,70500.0,72000.0,69000.0,70500.0,-1.4,0
2019-07-12,70500.0,72000.0,69000.0,70500.0,0.0,0
2019-07-15,70500.0,72000.0,69000.0,70500.0,0.0,0
2019-07-16,70500.0,72000.0,69000.0,70500.0,0.0,0
2019-07-17,70500.0,72000.0,69000.0,70500.0,0.0,0
2019-07-18,70500.0,72000.0,69000.0,70500.0,0.0,0
2019-07-19,70000.0,71500.0,68500.0,70000.0,-0.71,0
2019-07-22,70000.0,71500.0,68500.0,70000.0,0.0,0
2019-07-23,68500.0,70000.0,67000.0,68500.0,-2.14,0
2019-07-24,68500.0,70000.0,67000.0,68500.0,0.0,0
2019-07-25,68500.0,70000.0,67000.0,68500.0,0.0,0
2019-07-26,67500.0,69000.0,66000.0,67500.0,-1.46,0
2019-07-29,67000.0,68500.0,65500.0,67000.0,-0.74,0
2019-07-30,67000.0,68500.0,65500.0,67000.0,0.0,0
2019-07-31,67000.0,68500.0,65500.0,67000.0,0.0,0
2019-08-01,67000.0,68500.0,65500.0,67000.0,0.0,0
2019-08-02,66500.0,68000.0,65000.0,66500.0,-0.75,0
2019-08-05,66000.0,67500.0,64500.0,66000.0,-0.75,0
2019-08-06,66000.0,67500.0,64500.0,66000.0,0.0,0
2019-08-07,65500.0,67000.0,64000.0,65500.0,-0.76,0
2019-08-08,65500.0,67000.0,64000.0,65500.0,0.0,0
2019-08-09,65500.0,67000.0,64000.0,65500.0,0.0,0
2019-08-12,65500.0,67000.0,64000.0,65500.0,0.0,0
2019-08-13,65000.0,66500.0,63500.0,65000.0,-0.76,0
2019-08-14,65000.0,66500.0,63500.0,65000.0,0.0,0
2019-08-15,64500.0,66000.0,63000.0,64500.0,-0.77,0
2019-08-16,64000.0,65500.0,62500.0,64000.0,-0.78,0
2019-08-19,63500.0,65000.0,62000.0,63500.0,-0.78,0
2019-08-20,63500.0,65000.0,62000.0,63500.0,0.0,0
2019-08-21,63500.0,65000.0,62000.0,63500.0,0.0,0
2019-08-22,63000.0,64500.0,61500.0,63000.0,-0.79,0
2019-08-23,62500.0,64000.0,61000.0,62500.0,-0.79,0
2019-08-26,62500.0,64000.0,61000.0,62500.0,0.0,0
2019-08-27,62500.0,64000.0,61000.0,62500.0,0.0,0
2019-08-28,62500.0,64000.0,61000.0,62500.0,0.0,0
2019-08-29,61500.0,63000.0,60000.0,61500.0,-1.6,0
2019-08-30,61500.0,63000.0,60000.0,61500.0,0.0,0
2019-09-02,61500.0,63000.0,60000.0,61500.0,0.0,0
2019-09-03,61500.0,63000.0,60000.0,61500.0,0.0,0
2019-09-04,61500.0,63000.0,60000.0,61500.0,0.0,0
2019-09-05,61500.0,63000.0,60000.0,61500.0,0.0,0
2019-09-06,61500.0,63000.0,60000.0,61500.0,0.0,0
2019-09-09,61500.0,63000.0,60000.0,61500.0,0.0,0
2019-09-10,61500.0,63000.0,60000.0,61500.0,0.0,0
2019-09-11,61500.0,63000.0,60000.0,61500.0,0.0,0
2019-09-12,61500.0,63000.0,60000.0,61500.0,0.0,0
2019-09-16,61500.0,63000.0,60000.0,61500.0,0.0,0
2019-09-17,60000.0,61500.0,58500.0,60000.0,-2.44,0
2019-09-18,60000.0,61500.0,58500.0,60000.0,0.0,0
2019-09-19,59500.0,61000.0,58000.0,59500.0,-0.83,0
2019-09-20,59500.0,61000.0,58000.0,59500.0,0.0,0
2019-09-23,59500.0,61000.0,58000.0,59500.0,0.0,0
2019-09-24,59000.0,60500.0,57500.0,59000.0,-0.84,0
2019-09-25,59000.0,60500.0,57500.0,59000.0,0.0,0
2019-09-26,59000.0,60500.0,57500.0,59000.0,0.0,0
2019-09-27,59000.0,60500.0,57500.0,59000.0,0.0,0
2019-10-08,59000.0,60500.0,57500.0,59000.0,0.0,0
2019-10-09,59000.0,60500.0,57500.0,59000.0,0.0,0
2019-10-10,59000.0,60500.0,57500.0,59000.0,0.0,0
2019-10-11,59000.0,60500.0,57500.0,59000.0,0.0,0
2019-10-14,59000.0,60500.0,57500.0,59000.0,0.0,0
2019-10-15,59000.0,60500.0,57500.0,59000.0,0.0,0
2019-10-16,59000.0,60500.0,57500.0,59000.0,0.0,0
2019-10-17,59000.0,60500.0,57500.0,59000.0,0.0,0
2019-10-18,59000.0,60500.0,57500.0,59000.0,0.0,0
2019-10-21,59000.0,60500.0,57500.0,59000.0,0.0,0
2019-10-22,58500.0,60000.0,57000.0,58500.0,-0.85,0
2019-10-23,58500.0,60000.0,57000.0,58500.0,0.0,0
2019-10-24,58500.0,60000.0,57000.0,58500.0,0.0,0
2019-10-25,58500.0,60000.0,57000.0,58500.0,0.0,0
2019-10-28,58500.0,60000.0,57000.0,58500.0,0.0,0
2019-10-29,58500.0,60000.0,57000.0,58500.0,0.0,0
2019-10-30,58500.0,60000.0,57000.0,58500.0,0.0,0
2019-10-31,58500.0,60000.0,57000.0,58500.0,0.0,0
2019-11-01,58500.0,60000.0,57000.0,58500.0,0.0,0
2019-11-04,58000.0,59500.0,56500.0,58000.0,-0.85,0
2019-11-05,58000.0,59500.0,56500.0,58000.0,0.0,0
2019-11-06,58000.0,59500.0,56500.0,58000.0,0.0,0
2019-11-07,58000.0,59500.0,56500.0,58000.0,0.0,0
2019-11-08,58000.0,59500.0,56500.0,58000.0,0.0,0
2019-11-11,58000.0,59500.0,56500.0,58000.0,0.0,0
2019-11-12,58000.0,59500.0,56500.0,58000.0,0.0,0
2019-11-13,57500.0,59000.0,56000.0,57500.0,-0.86,0
2019-11-14,57500.0,59000.0,56000.0,57500.0,0.0,0
2019-11-15,56500.0,58000.0,55000.0,56500.0,-1.74,0
2019-11-18,56500.0,58000.0,55000.0,56500.0,0.0,0
2019-11-19,56500.0,58000.0,55000.0,56500.0,0.0,0
2019-11-20,56500.0,58000.0,55000.0,56500.0,0.0,0
2019-11-21,56000.0,57500.0,54500.0,56000.0,-0.88,0
2019-11-22,56000.0,57500.0,54500.0,56000.0,0.0,0
2019-11-25,54500.0,56000.0,53000.0,54500.0,-2.68,0
2019-11-26,54500.0,56000.0,53000.0,54500.0,0.0,0
2019-11-27,54500.0,56000.0,53000.0,54500.0,0.0,0
2019-11-28,54500.0,56000.0,53000.0,54500.0,0.0,0
2019-11-29,54000.0,55500.0,52500.0,54000.0,-0.92,0
2019-12-02,53500.0,55000.0,52000.0,53500.0,-0.93,0
2019-12-03,52500.0,54000.0,51000.0,52500.0,-1.87,0
2019-12-04,52500.0,54000.0,51000.0,52500.0,0.0,0
2019-12-05,52500.0,54000.0,51000.0,52500.0,0.0,0
2019-12-06,52500.0,54000.0,51000.0,52500.0,0.0,0
2019-12-09,52000.0,53500.0,50500.0,52000.0,-0.95,0
2019-12-10,52000.0,53500.0,50500.0,52000.0,0.0,0
2019-12-11,52000.0,53500.0,50500.0,52000.0,0.0,0
2019-12-12,52000.0,53500.0,50500.0,52000.0,0.0,0
2019-12-13,51000.0,52500.0,49500.0,51000.0,-1.92,0
2019-12-16,51000.0,52500.0,49500.0,51000.0,0.0,0
2019-12-17,51000.0,52500.0,49500.0,51000.0,0.0,0
2019-12-18,51000.0,52500.0,49500.0,51000.0,0.0,0
2019-12-19,51000.0,52500.0,49500.0,51000.0,0.0,0
2019-12-20,51000.0,52500.0,49500.0,51000.0,0.0,0
2019-12-23,51000.0,52500.0,49500.0,51000.0,0.0,0
2019-12-24,51000.0,52500.0,49500.0,51000.0,0.0,0
2019-12-25,50500.0,52000.0,49000.0,50500.0,-0.98,0
2019-12-26,50500.0,52000.0,49000.0,50500.0,0.0,0
2019-12-27,49500.0,51000.0,48000.0,49500.0,-1.98,0
2019-12-30,49500.0,51000.0,48000.0,49500.0,0.0,0
2019-12-31,49500.0,51000.0,48000.0,49500.0,0.0,0
2020-01-02,49500.0,51000.0,48000.0,49500.0,0.0,0
2020-01-03,49500.0,51000.0,48000.0,49500.0,0.0,0
2020-01-06,49500.0,51000.0,48000.0,49500.0,0.0,0
2020-01-07,49500.0,51000.0,48000.0,49500.0,0.0,0
2020-01-08,49500.0,51000.0,48000.0,49500.0,0.0,0
2020-01-09,49500.0,51000.0,48000.0,49500.0,0.0,0
2020-01-10,49000.0,50500.0,47500.0,49000.0,-1.01,0
2020-01-13,49000.0,50500.0,47500.0,49000.0,0.0,0
2020-01-14,49000.0,50500.0,47500.0,49000.0,0.0,0
2020-01-15,49000.0,50500.0,47500.0,49000.0,0.0,0
2020-01-16,49000.0,50500.0,47500.0,49000.0,0.0,0
2020-01-17,49000.0,50500.0,47500.0,49000.0,0.0,0
2020-01-20,49000.0,49000.0,49000.0,49000.0,0.0,0
2020-01-21,49000.0,49000.0,49000.0,49000.0,0.0,0
2020-02-03,49000.0,49000.0,49000.0,49000.0,0.0,0
2020-02-04,49000.0,49000.0,49000.0,49000.0,0.0,0
2020-02-05,49000.0,49000.0,49000.0,49000.0,0.0,0
2020-02-06,49000.0,49000.0,49000.0,49000.0,0.0,0
2020-02-07,49000.0,49000.0,49000.0,49000.0,0.0,0
2020-02-10,49000.0,49000.0,49000.0,49000.0,0.0,0
2020-02-11,49000.0,49000.0,49000.0,49000.0,0.0,0
2020-02-12,49000.0,49000.0,49000.0,49000.0,0.0,0
2020-02-13,49000.0,49000.0,49000.0,49000.0,0.0,0
2020-02-14,49000.0,49000.0,49000.0,49000.0,0.0,0
2020-02-17,49000.0,49000.0,49000.0,49000.0,0.0,0
2020-02-18,49000.0,49000.0,49000.0,49000.0,0.0,0
2020-02-19,49000.0,50500.0,47500.0,49000.0,0.0,0
2020-02-20,49000.0,50500.0,47500.0,49000.0,0.0,0
2020-02-21,49000.0,50500.0,47500.0,49000.0,0.0,0
2020-02-24,49000.0,50500.0,47500.0,49000.0,0.0,0
2020-02-25,49000.0,50500.0,47500.0,49000.0,0.0,0
2020-02-26,49000.0,50500.0,47500.0,49000.0,0.0,0
2020-02-27,49000.0,50500.0,47500.0,49000.0,0.0,0
2020-02-28,48000.0,48000.0,48000.0,48000.0,-2.04,0
2020-03-02,48000.0,48000.0,48000.0,48000.0,0.0,0
2020-03-03,48000.0,48000.0,48000.0,48000.0,0.0,0
2020-03-04,48000.0,48000.0,48000.0,48000.0,0.0,0
2020-03-05,48000.0,48000.0,48000.0,48000.0,0.0,0
2020-03-06,48000.0,48000.0,48000.0,48000.0,0.0,0
2020-03-09,47000.0,47000.0,47000.0,47000.0,-2.08,0
2020-03-10,47000.0,47000.0,47000.0,47000.0,0.0,0
2020-03-11,47000.0,47000.0,47000.0,47000.0,0.0,0
2020-03-12,47000.0,47000.0,47000.0,47000.0,0.0,0
2020-03-13,47000.0,47000.0,47000.0,47000.0,0.0,0
2020-03-16,47000.0,47000.0,47000.0,47000.0,0.0,0
2020-03-17,47000.0,47000.0,47000.0,47000.0,0.0,0
2020-03-18,47000.0,47000.0,47000.0,47000.0,0.0,0
2020-03-19,47000.0,47000.0,47000.0,47000.0,0.0,0
2020-03-20,46000.0,46000.0,46000.0,46000.0,-2.13,0
2020-03-23,46000.0,46000.0,46000.0,46000.0,0.0,0
2020-03-24,46000.0,46000.0,46000.0,46000.0,0.0,0
2020-03-25,46000.0,46000.0,46000.0,46000.0,0.0,0
2020-03-26,46000.0,46000.0,46000.0,46000.0,0.0,0
2020-03-27,46000.0,46000.0,46000.0,46000.0,0.0,0
2020-03-30,46000.0,46000.0,46000.0,46000.0,0.0,0
2020-03-31,46000.0,46000.0,46000.0,46000.0,0.0,0
2020-04-01,46000.0,46000.0,46000.0,46000.0,0.0,0
2020-04-02,46000.0,46000.0,46000.0,46000.0,0.0,0
2020-04-03,46000.0,46000.0,46000.0,46000.0,0.0,0
2020-04-06,45500.0,45500.0,45500.0,45500.0,-1.09,0
2020-04-07,45500.0,45500.0,45500.0,45500.0,0.0,0
2020-04-08,45500.0,45500.0,45500.0,45500.0,0.0,0
2020-04-09,45500.0,45500.0,45500.0,45500.0,0.0,0
2020-04-10,45500.0,45500.0,45500.0,45500.0,0.0,0
2020-04-13,45500.0,45500.0,45500.0,45500.0,0.0,0
2020-04-14,45500.0,45500.0,45500.0,45500.0,0.0,0
2020-04-15,45500.0,45500.0,45500.0,45500.0,0.0,0
2020-04-16,45500.0,45500.0,45500.0,45500.0,0.0,0
2020-04-17,45500.0,45500.0,45500.0,45500.0,0.0,0
2020-04-20,45500.0,45500.0,45500.0,45500.0,0.0,0
2020-04-21,44250.0,44250.0,44250.0,44250.0,-2.75,0
2020-04-22,44250.0,44250.0,44250.0,44250.0,0.0,0
2020-04-23,44250.0,44250.0,44250.0,44250.0,0.0,0
2020-04-24,44250.0,44250.0,44250.0,44250.0,0.0,0
2020-04-27,44250.0,44250.0,44250.0,44250.0,0.0,0
2020-04-28,44250.0,44250.0,44250.0,44250.0,0.0,0
2020-04-29,44250.0,44250.0,44250.0,44250.0,0.0,0
2020-04-30,44250.0,44250.0,44250.0,44250.0,0.0,0
2020-05-01,44250.0,44250.0,44250.0,44250.0,0.0,0
2020-05-04,44250.0,44250.0,44250.0,44250.0,0.0,0
2020-05-05,43750.0,43750.0,43750.0,43750.0,-1.13,0
2020-05-06,43750.0,43750.0,43750.0,43750.0,0.0,0
2020-05-07,43750.0,43750.0,43750.0,43750.0,0.0,0
2020-05-08,43750.0,43750.0,43750.0,43750.0,0.0,0
2020-05-11,43750.0,43750.0,43750.0,43750.0,0.0,0
2020-05-12,43750.0,43750.0,43750.0,43750.0,0.0,0
2020-05-13,43750.0,43750.0,43750.0,43750.0,0.0,0
2020-05-14,43750.0,43750.0,43750.0,43750.0,0.0,0
2020-05-15,43750.0,43750.0,43750.0,43750.0,0.0,0
2020-05-18,42500.0,42500.0,42500.0,42500.0,-2.86,0
2020-05-19,42500.0,42500.0,42500.0,42500.0,0.0,0
2020-05-20,42500.0,42500.0,42500.0,42500.0,0.0,0
2020-05-21,42500.0,42500.0,42500.0,42500.0,0.0,0
2020-05-22,42500.0,42500.0,42500.0,42500.0,0.0,0
2020-05-25,42500.0,42500.0,42500.0,42500.0,0.0,0
2020-05-26,42500.0,42500.0,42500.0,42500.0,0.0,0
2020-05-27,42500.0,42500.0,42500.0,42500.0,0.0,0
2020-05-28,42500.0,42500.0,42500.0,42500.0,0.0,0
2020-05-29,42500.0,42500.0,42500.0,42500.0,0.0,0
2020-06-01,42500.0,42500.0,42500.0,42500.0,0.0,0
2020-06-02,42500.0,42500.0,42500.0,42500.0,0.0,0
2020-06-03,42500.0,42500.0,42500.0,42500.0,0.0,0
2020-06-04,42500.0,42500.0,42500.0,42500.0,0.0,0
2020-06-05,42500.0,42500.0,42500.0,42500.0,0.0,0
2020-06-08,42500.0,42500.0,42500.0,42500.0,0.0,0
2020-06-09,41500.0,41500.0,41500.0,41500.0,-2.35,0
2020-06-10,41500.0,41500.0,41500.0,41500.0,0.0,0
2020-06-11,41500.0,41500.0,41500.0,41500.0,0.0,0
2020-06-12,41500.0,41500.0,41500.0,41500.0,0.0,0
2020-06-15,41500.0,41500.0,41500.0,41500.0,0.0,0
2020-06-16,41500.0,41500.0,41500.0,41500.0,0.0,0
2020-06-17,41500.0,41500.0,41500.0,41500.0,0.0,0
2020-06-18,41500.0,41500.0,41500.0,41500.0,0.0,0
2020-06-19,41500.0,41500.0,41500.0,41500.0,0.0,0
2020-06-22,40500.0,40500.0,40500.0,40500.0,-2.41,0
2020-06-23,40500.0,40500.0,40500.0,40500.0,0.0,0
2020-06-24,40500.0,40500.0,40500.0,40500.0,0.0,0
2020-06-25,40500.0,40500.0,40500.0,40500.0,0.0,0
2020-06-26,40500.0,40500.0,40500.0,40500.0,0.0,0
2020-06-29,40500.0,40500.0,40500.0,40500.0,0.0,0
2020-06-30,40500.0,40500.0,40500.0,40500.0,0.0,0
2020-07-01,40500.0,40500.0,40500.0,40500.0,0.0,0
2020-07-02,40500.0,40500.0,40500.0,40500.0,0.0,0
2020-07-03,40500.0,40500.0,40500.0,40500.0,0.0,0
2020-07-06,40500.0,40500.0,40500.0,40500.0,0.0,0
2020-07-07,40500.0,40500.0,40500.0,40500.0,0.0,0
2020-07-08,40500.0,40500.0,40500.0,40500.0,0.0,0
2020-07-09,40500.0,40500.0,40500.0,40500.0,0.0,0
2020-07-10,40500.0,40500.0,40500.0,40500.0,0.0,0
2020-07-13,40500.0,40500.0,40500.0,40500.0,0.0,0
2020-07-14,39000.0,39000.0,39000.0,39000.0,-3.7,0
2020-07-15,39000.0,39000.0,39000.0,39000.0,0.0,0
2020-07-16,39000.0,39000.0,39000.0,39000.0,0.0,0
2020-07-17,39000.0,39000.0,39000.0,39000.0,0.0,0
2020-07-20,39000.0,39000.0,39000.0,39000.0,0.0,0
2020-07-21,39000.0,39000.0,39000.0,39000.0,0.0,0
2020-07-22,39000.0,39000.0,39000.0,39000.0,0.0,0
2020-07-23,39000.0,39000.0,39000.0,39000.0,0.0,0
2020-07-24,39000.0,39000.0,39000.0,39000.0,0.0,0
2020-07-27,39000.0,39000.0,39000.0,39000.0,0.0,0
2020-07-28,39000.0,39000.0,39000.0,39000.0,0.0,0
2020-07-29,39000.0,39000.0,39000.0,39000.0,0.0,0
2020-07-30,39000.0,39000.0,39000.0,39000.0,0.0,0
2020-07-31,39000.0,39000.0,39000.0,39000.0,0.0,0
2020-08-03,39000.0,39000.0,39000.0,39000.0,0.0,0
2020-08-04,39000.0,39000.0,39000.0,39000.0,0.0,0
2020-08-05,39000.0,39000.0,39000.0,39000.0,0.0,0
2020-08-06,39000.0,39000.0,39000.0,39000.0,0.0,0
2020-08-07,39000.0,39000.0,39000.0,39000.0,0.0,0
2020-08-10,39000.0,39000.0,39000.0,39000.0,0.0,0
2020-08-11,39000.0,39000.0,39000.0,39000.0,0.0,0
2020-08-12,39000.0,39000.0,39000.0,39000.0,0.0,0
2020-08-13,39000.0,39000.0,39000.0,39000.0,0.0,0
2020-08-14,39000.0,39000.0,39000.0,39000.0,0.0,0
2020-08-17,39000.0,39000.0,39000.0,39000.0,0.0,0
2020-08-18,39000.0,39000.0,39000.0,39000.0,0.0,0
2020-08-19,39000.0,39000.0,39000.0,39000.0,0.0,0
2020-08-20,39000.0,39000.0,39000.0,39000.0,0.0,0
2020-08-21,39000.0,39000.0,39000.0,39000.0,0.0,0
2020-08-24,39000.0,39000.0,39000.0,39000.0,0.0,0
2020-08-25,39000.0,39000.0,39000.0,39000.0,0.0,0
2020-08-26,39000.0,39000.0,39000.0,39000.0,0.0,0
2020-08-27,39000.0,39000.0,39000.0,39000.0,0.0,0
2020-08-28,39000.0,39000.0,39000.0,39000.0,0.0,0
2020-08-31,39000.0,39000.0,39000.0,39000.0,0.0,0
2020-09-01,39000.0,39000.0,39000.0,39000.0,0.0,0
2020-09-03,39000.0,39000.0,39000.0,39000.0,0.0,0
2020-09-04,39000.0,39000.0,39000.0,39000.0,0.0,0
2020-09-07,39000.0,39000.0,39000.0,39000.0,0.0,0
2020-09-08,39000.0,39000.0,39000.0,39000.0,0.0,0
2020-09-09,39000.0,39000.0,39000.0,39000.0,0.0,0
2020-09-10,39000.0,39000.0,39000.0,39000.0,0.0,0
2020-09-11,39000.0,39000.0,39000.0,39000.0,0.0,0
2020-09-14,39000.0,39000.0,39000.0,39000.0,0.0,0
2020-09-15,39000.0,39000.0,39000.0,39000.0,0.0,0
2020-09-16,39000.0,39000.0,39000.0,39000.0,0.0,0
2020-09-17,39000.0,39000.0,39000.0,39000.0,0.0,0
2020-09-18,39000.0,39000.0,39000.0,39000.0,0.0,0
2020-09-21,39000.0,39000.0,39000.0,39000.0,0.0,0
2020-09-22,39000.0,39000.0,39000.0,39000.0,0.0,0
2020-09-23,39000.0,39000.0,39000.0,39000.0,0.0,0
2020-09-24,39000.0,39000.0,39000.0,39000.0,0.0,0
2020-09-25,39000.0,39000.0,39000.0,39000.0,0.0,0
2020-09-28,39000.0,39000.0,39000.0,39000.0,0.0,0
2020-09-29,39000.0,39000.0,39000.0,39000.0,0.0,0
2020-09-30,39000.0,39000.0,39000.0,39000.0,0.0,0
2020-10-01,39000.0,39000.0,39000.0,39000.0,0.0,0
2020-10-02,39000.0,39000.0,39000.0,39000.0,0.0,0
2020-10-05,39000.0,39000.0,39000.0,39000.0,0.0,0
2020-10-06,39000.0,39000.0,39000.0,39000.0,0.0,0
2020-10-07,39000.0,39000.0,39000.0,39000.0,0.0,0
2020-10-08,39000.0,39000.0,39000.0,39000.0,0.0,0
2020-10-09,39000.0,39000.0,39000.0,39000.0,0.0,0
2020-10-12,39000.0,39000.0,39000.0,39000.0,0.0,0
2020-10-13,39000.0,39000.0,39000.0,39000.0,0.0,0
2020-10-14,39000.0,39000.0,39000.0,39000.0,0.0,0
2020-10-15,39000.0,39000.0,39000.0,39000.0,0.0,0
2020-10-16,39000.0,39000.0,39000.0,39000.0,0.0,0
2020-10-19,39000.0,39000.0,39000.0,39000.0,0.0,0
2020-10-20,39000.0,39000.0,39000.0,39000.0,0.0,0
2020-10-21,39000.0,39000.0,39000.0,39000.0,0.0,0
2020-10-22,39000.0,39000.0,39000.0,39000.0,0.0,0
2020-10-23,39000.0,39000.0,39000.0,39000.0,0.0,0
2020-10-26,39000.0,39000.0,39000.0,39000.0,0.0,0
2020-10-27,39000.0,39000.0,39000.0,39000.0,0.0,0
2020-10-28,39000.0,39000.0,39000.0,39000.0,0.0,0
2020-10-29,39000.0,39000.0,39000.0,39000.0,0.0,0
2020-10-30,39000.0,39000.0,39000.0,39000.0,0.0,0
2020-11-02,39000.0,39000.0,39000.0,39000.0,0.0,0
2020-11-03,39000.0,39000.0,39000.0,39000.0,0.0,0
2020-11-04,39000.0,39000.0,39000.0,39000.0,0.0,0
2020-11-05,39000.0,39000.0,39000.0,39000.0,0.0,0
2020-11-06,39000.0,39000.0,39000.0,39000.0,0.0,0
2020-11-09,39000.0,39000.0,39000.0,39000.0,0.0,0
2020-11-10,39000.0,39000.0,39000.0,39000.0,0.0,0
2020-11-11,39000.0,39000.0,39000.0,39000.0,0.0,0
2020-11-12,39000.0,39000.0,39000.0,39000.0,0.0,0
2020-11-13,39000.0,39000.0,39000.0,39000.0,0.0,0
2020-11-16,39000.0,39000.0,39000.0,39000.0,0.0,0
2020-11-17,39000.0,39000.0,39000.0,39000.0,0.0,0
2020-11-18,39000.0,39000.0,39000.0,39000.0,0.0,0
2020-11-19,39000.0,39000.0,39000.0,39000.0,0.0,0
2020-11-20,39000.0,39000.0,39000.0,39000.0,0.0,0
2020-11-23,39000.0,39000.0,39000.0,39000.0,0.0,0
2020-11-24,39000.0,39000.0,39000.0,39000.0,0.0,0
2020-11-25,39000.0,39000.0,39000.0,39000.0,0.0,0
2020-11-26,39000.0,39000.0,39000.0,39000.0,0.0,0
2020-11-27,39000.0,39000.0,39000.0,39000.0,0.0,0
2020-11-30,39000.0,39000.0,39000.0,39000.0,0.0,0
2020-12-01,41000.0,41000.0,41000.0,41000.0,5.13,0
2020-12-02,41000.0,41000.0,41000.0,41000.0,0.0,0
2020-12-03,41000.0,41000.0,41000.0,41000.0,0.0,0
2020-12-04,41000.0,41000.0,41000.0,41000.0,0.0,0
2020-12-07,41000.0,41000.0,41000.0,41000.0,0.0,0
2020-12-08,41000.0,41000.0,41000.0,41000.0,0.0,0
2020-12-09,41000.0,41000.0,41000.0,41000.0,0.0,0
2020-12-10,41000.0,41000.0,41000.0,41000.0,0.0,0
2020-12-11,41000.0,41000.0,41000.0,41000.0,0.0,0
2020-12-14,41000.0,41000.0,41000.0,41000.0,0.0,0
2020-12-15,41000.0,41000.0,41000.0,41000.0,0.0,0
2020-12-16,41000.0,41000.0,41000.0,41000.0,0.0,0
2020-12-17,41000.0,41000.0,41000.0,41000.0,0.0,0
2020-12-18,41000.0,41000.0,41000.0,41000.0,0.0,0
2020-12-21,46000.0,46000.0,46000.0,46000.0,12.2,0
2020-12-22,46000.0,46000.0,46000.0,46000.0,0.0,0
2020-12-23,46000.0,46000.0,46000.0,46000.0,0.0,0
2020-12-24,46000.0,46000.0,46000.0,46000.0,0.0,0
2020-12-25,46000.0,46000.0,46000.0,46000.0,0.0,0
2020-12-28,46500.0,46500.0,46500.0,46500.0,1.09,0
2020-12-29,46500.0,46500.0,46500.0,46500.0,0.0,0
2020-12-30,46500.0,46500.0,46500.0,46500.0,0.0,0
2020-12-31,46500.0,46500.0,46500.0,46500.0,0.0,0
2021-01-01,46500.0,46500.0,46500.0,46500.0,0.0,0
2021-01-04,46500.0,46500.0,46500.0,46500.0,0.0,0
2021-01-05,46500.0,46500.0,46500.0,46500.0,0.0,0
2021-01-06,46500.0,46500.0,46500.0,46500.0,0.0,0
2021-01-07,46500.0,46500.0,46500.0,46500.0,0.0,0
2021-01-08,46500.0,46500.0,46500.0,46500.0,0.0,0
2021-01-11,46500.0,46500.0,46500.0,46500.0,0.0,0
2021-01-12,46500.0,46500.0,46500.0,46500.0,0.0,0
2021-01-13,46500.0,46500.0,46500.0,46500.0,0.0,0
2021-01-14,54000.0,54000.0,54000.0,54000.0,16.13,0
2021-01-15,54000.0,54000.0,54000.0,54000.0,0.0,0
2021-01-18,54000.0,54000.0,54000.0,54000.0,0.0,0
2021-01-19,54000.0,54000.0,54000.0,54000.0,0.0,0
2021-01-20,54000.0,54000.0,54000.0,54000.0,0.0,0
2021-01-21,57000.0,57000.0,57000.0,57000.0,5.56,0
2021-01-22,57000.0,57000.0,57000.0,57000.0,0.0,0
2021-01-25,57000.0,57000.0,57000.0,57000.0,0.0,0
2021-01-26,57000.0,57000.0,57000.0,57000.0,0.0,0
2021-01-27,57000.0,57000.0,57000.0,57000.0,0.0,0
2021-01-28,62500.0,62500.0,62500.0,62500.0,9.65,0
2021-01-29,62500.0,62500.0,62500.0,62500.0,0.0,0
2021-02-01,62500.0,62500.0,62500.0,62500.0,0.0,0
2021-02-02,62500.0,62500.0,62500.0,62500.0,0.0,0
2021-02-03,65500.0,65500.0,65500.0,65500.0,4.8,0
2021-02-04,65500.0,65500.0,65500.0,65500.0,0.0,0
2021-02-05,65500.0,65500.0,65500.0,65500.0,0.0,0
2021-02-08,65500.0,65500.0,65500.0,65500.0,0.0,0
2021-02-09,65500.0,65500.0,65500.0,65500.0,0.0,0
2021-02-10,65500.0,65500.0,65500.0,65500.0,0.0,0
2021-02-11,67500.0,67500.0,67500.0,67500.0,3.05,0
2021-02-12,67500.0,67500.0,67500.0,67500.0,0.0,0
2021-02-15,67500.0,67500.0,67500.0,67500.0,0.0,0
2021-02-16,67500.0,67500.0,67500.0,67500.0,0.0,0
2021-02-17,67500.0,67500.0,67500.0,67500.0,0.0,0
2021-02-18,67500.0,67500.0,67500.0,67500.0,0.0,0
2021-02-19,67500.0,67500.0,67500.0,67500.0,0.0,0
2021-02-22,67500.0,67500.0,67500.0,67500.0,0.0,0
2021-02-23,67500.0,67500.0,67500.0,67500.0,0.0,0
2021-02-24,67500.0,67500.0,67500.0,67500.0,0.0,0
2021-02-25,70500.0,70500.0,70500.0,70500.0,4.44,0
2021-02-26,70500.0,70500.0,70500.0,70500.0,0.0,0
2021-03-01,70500.0,70500.0,70500.0,70500.0,0.0,0
2021-03-02,70500.0,70500.0,70500.0,70500.0,0.0,0
2021-03-03,70500.0,70500.0,70500.0,70500.0,0.0,0
2021-03-04,70500.0,70500.0,70500.0,70500.0,0.0,0
2021-03-05,70500.0,70500.0,70500.0,70500.0,0.0,0
2021-03-08,70500.0,70500.0,70500.0,70500.0,0.0,0
2021-03-09,70500.0,70500.0,70500.0,70500.0,0.0,0
2021-03-10,70500.0,70500.0,70500.0,70500.0,0.0,0
2021-03-11,85000.0,85000.0,85000.0,85000.0,20.57,0
2021-03-12,85000.0,85000.0,85000.0,85000.0,0.0,0
2021-03-15,85000.0,85000.0,85000.0,85000.0,0.0,0
2021-03-16,85000.0,85000.0,85000.0,85000.0,0.0,0
2021-03-17,85000.0,85000.0,85000.0,85000.0,0.0,0
2021-03-18,85000.0,85000.0,85000.0,85000.0,0.0,0
2021-03-19,85000.0,85000.0,85000.0,85000.0,0.0,0
2021-03-22,85000.0,85000.0,85000.0,85000.0,0.0,0
2021-03-23,85000.0,85000.0,85000.0,85000.0,0.0,0
2021-03-24,85000.0,85000.0,85000.0,85000.0,0.0,0
2021-03-25,85000.0,85000.0,85000.0,85000.0,0.0,0
2021-03-26,85000.0,85000.0,85000.0,85000.0,0.0,0
2021-03-29,85000.0,85000.0,85000.0,85000.0,0.0,0
2021-03-30,85000.0,85000.0,85000.0,85000.0,0.0,0
2021-03-31,85000.0,85000.0,85000.0,85000.0,0.0,0
2021-04-01,85000.0,85000.0,85000.0,85000.0,0.0,0
2021-04-02,85000.0,85000.0,85000.0,85000.0,0.0,0
2021-04-05,85000.0,85000.0,85000.0,85000.0,0.0,0
2021-04-06,90000.0,90000.0,90000.0,90000.0,5.88,0
2021-04-07,90000.0,90000.0,90000.0,90000.0,0.0,0
2021-04-08,90000.0,90000.0,90000.0,90000.0,0.0,0
2021-04-09,90000.0,90000.0,90000.0,90000.0,0.0,0
2021-04-12,90000.0,90000.0,90000.0,90000.0,0.0,0
2021-04-13,90000.0,90000.0,90000.0,90000.0,0.0,0
2021-04-14,90000.0,90000.0,90000.0,90000.0,0.0,0
2021-04-15,90000.0,90000.0,90000.0,90000.0,0.0,0
2021-04-16,90000.0,90000.0,90000.0,90000.0,0.0,0
2021-04-19,90000.0,90000.0,90000.0,90000.0,0.0,0
2021-04-20,90000.0,90000.0,90000.0,90000.0,0.0,0
2021-04-21,90000.0,90000.0,90000.0,90000.0,0.0,0
2021-04-22,90000.0,90000.0,90000.0,90000.0,0.0,0
2021-04-23,90000.0,90000.0,90000.0,90000.0,0.0,0
2021-04-26,90000.0,90000.0,90000.0,90000.0,0.0,0
2021-04-27,90000.0,90000.0,90000.0,90000.0,0.0,0
2021-04-28,90000.0,90000.0,90000.0,90000.0,0.0,0
2021-04-29,90000.0,90000.0,90000.0,90000.0,0.0,0
2021-04-30,90000.0,90000.0,90000.0,90000.0,0.0,0
2021-05-03,90000.0,90000.0,90000.0,90000.0,0.0,0
2021-05-04,90000.0,90000.0,90000.0,90000.0,0.0,0
2021-05-05,90000.0,90000.0,90000.0,90000.0,0.0,0
2021-05-06,90000.0,90000.0,90000.0,90000.0,0.0,0
2021-05-07,90000.0,90000.0,90000.0,90000.0,0.0,0
2021-05-10,90000.0,90000.0,90000.0,90000.0,0.0,0
2021-05-11,89000.0,89000.0,89000.0,89000.0,-1.11,0
2021-05-12,89000.0,89000.0,89000.0,89000.0,0.0,0
2021-05-13,89000.0,89000.0,89000.0,89000.0,0.0,0
2021-05-14,89000.0,89000.0,89000.0,89000.0,0.0,0
2021-05-17,89000.0,89000.0,89000.0,89000.0,0.0,0
2021-05-18,89000.0,89000.0,89000.0,89000.0,0.0,0
2021-05-19,89000.0,89000.0,89000.0,89000.0,0.0,0
2021-05-20,89000.0,89000.0,89000.0,89000.0,0.0,0
2021-05-21,89000.0,89000.0,89000.0,89000.0,0.0,0
2021-05-24,89000.0,89000.0,89000.0,89000.0,0.0,0
2021-05-25,89000.0,89000.0,89000.0,89000.0,0.0,0
2021-05-26,89000.0,89000.0,89000.0,89000.0,0.0,0
2021-05-27,89000.0,89000.0,89000.0,89000.0,0.0,0
2021-05-28,89000.0,89000.0,89000.0,89000.0,0.0,0
2021-05-31,89000.0,89000.0,89000.0,89000.0,0.0,0
2021-06-01,89000.0,89000.0,89000.0,89000.0,0.0,0
2021-06-02,89000.0,89000.0,89000.0,89000.0,0.0,0
2021-06-03,89000.0,89000.0,89000.0,89000.0,0.0,0
2021-06-04,89000.0,89000.0,89000.0,89000.0,0.0,0
2021-06-07,89000.0,89000.0,89000.0,89000.0,0.0,0
2021-06-08,89000.0,89000.0,89000.0,89000.0,0.0,0
2021-06-09,89000.0,89000.0,89000.0,89000.0,0.0,0
2021-06-10,89000.0,89000.0,89000.0,89000.0,0.0,0
2021-06-11,89000.0,89000.0,89000.0,89000.0,0.0,0
2021-06-14,89000.0,89000.0,89000.0,89000.0,0.0,0
2021-06-15,89000.0,89000.0,89000.0,89000.0,0.0,0
2021-06-16,89000.0,89000.0,89000.0,89000.0,0.0,0
2021-06-17,89000.0,89000.0,89000.0,89000.0,0.0,0
2021-06-18,89000.0,89000.0,89000.0,89000.0,0.0,0
2021-06-21,89000.0,89000.0,89000.0,89000.0,0.0,0
2021-06-22,89000.0,89000.0,89000.0,89000.0,0.0,0
2021-06-23,89000.0,89000.0,89000.0,89000.0,0.0,0
2021-06-24,89000.0,89000.0,89000.0,89000.0,0.0,0
2021-06-25,89000.0,89000.0,89000.0,89000.0,0.0,0
2021-06-28,89000.0,89000.0,89000.0,89000.0,0.0,0
2021-06-29,89000.0,89000.0,89000.0,89000.0,0.0,0
2021-06-30,89000.0,89000.0,89000.0,89000.0,0.0,0
2021-07-01,89000.0,89000.0,89000.0,89000.0,0.0,0
2021-07-02,89000.0,89000.0,89000.0,89000.0,0.0,0
2021-07-05,89000.0,89000.0,89000.0,89000.0,0.0,0
2021-07-06,89000.0,89000.0,89000.0,89000.0,0.0,0
2021-07-07,89000.0,89000.0,89000.0,89000.0,0.0,0
2021-07-08,89000.0,89000.0,89000.0,89000.0,0.0,0
2021-07-09,89000.0,89000.0,89000.0,89000.0,0.0,0
2021-07-12,89000.0,89000.0,89000.0,89000.0,0.0,0
2021-07-13,89000.0,89000.0,89000.0,89000.0,0.0,0
2021-07-14,89000.0,89000.0,89000.0,89000.0,0.0,0
2021-07-15,89000.0,89000.0,89000.0,89000.0,0.0,0
2021-07-16,89000.0,89000.0,89000.0,89000.0,0.0,0
2021-07-19,89000.0,89000.0,89000.0,89000.0,0.0,0
2021-07-20,89000.0,89000.0,89000.0,89000.0,0.0,0
2021-07-21,89000.0,89000.0,89000.0,89000.0,0.0,0
2021-07-22,89000.0,89000.0,89000.0,89000.0,0.0,0
2021-07-23,89000.0,89000.0,89000.0,89000.0,0.0,0
2021-07-26,89000.0,89000.0,89000.0,89000.0,0.0,0
2021-07-27,89000.0,89000.0,89000.0,89000.0,0.0,0
2021-07-28,89000.0,89000.0,89000.0,89000.0,0.0,0
2021-07-29,90000.0,91000.0,89000.0,90000.0,1.12,0
2021-07-30,91000.0,92000.0,90000.0,91000.0,1.11,0
2021-08-02,91000.0,92000.0,90000.0,91000.0,0.0,0
2021-08-03,92000.0,93000.0,91000.0,92000.0,1.1,0
2021-08-04,92000.0,93000.0,91000.0,92000.0,0.0,0
2021-08-05,92000.0,93000.0,91000.0,92000.0,0.0,0
2021-08-06,92000.0,93000.0,91000.0,92000.0,0.0,0
2021-08-09,94000.0,95000.0,93000.0,94000.0,2.17,0
2021-08-10,96000.0,97000.0,95000.0,96000.0,2.13,0
2021-08-11,97000.0,98000.0,96000.0,97000.0,1.04,0
2021-08-12,98000.0,99000.0,97000.0,98000.0,1.03,0
2021-08-13,99000.0,100000.0,98000.0,99000.0,1.02,0
2021-08-16,101000.0,102000.0,100000.0,101000.0,2.02,0
2021-08-17,103000.0,104000.0,102000.0,103000.0,1.98,0
2021-08-18,105000.0,106000.0,104000.0,105000.0,1.94,0
2021-08-19,105000.0,106000.0,104000.0,105000.0,0.0,0
2021-08-20,105000.0,106000.0,104000.0,105000.0,0.0,0
2021-08-23,107000.0,108000.0,106000.0,107000.0,1.9,0
2021-08-24,109000.0,110000.0,108000.0,109000.0,1.87,0
2021-08-25,111000.0,112000.0,110000.0,111000.0,1.83,0
2021-08-26,112000.0,113000.0,111000.0,112000.0,0.9,0
2021-08-27,113000.0,114000.0,112000.0,113000.0,0.89,0
2021-08-30,115000.0,116000.0,114000.0,115000.0,1.77,0
2021-08-31,117000.0,118000.0,116000.0,117000.0,1.74,0
2021-09-01,120000.0,121000.0,119000.0,120000.0,2.56,0
2021-09-02,123000.0,124000.0,122000.0,123000.0,2.5,0
2021-09-03,125000.0,126000.0,124000.0,125000.0,1.63,0
2021-09-06,127000.0,128000.0,126000.0,127000.0,1.6,0
2021-09-07,130000.0,131000.0,129000.0,130000.0,2.36,0
2021-09-08,133000.0,134000.0,132000.0,133000.0,2.31,0
2021-09-09,136000.0,137000.0,135000.0,136000.0,2.26,0
2021-09-10,139000.0,140000.0,138000.0,139000.0,2.21,0
2021-09-13,142000.0,143000.0,141000.0,142000.0,2.16,0
2021-09-14,144000.0,145000.0,143000.0,144000.0,1.41,0
2021-09-15,147000.0,148000.0,146000.0,147000.0,2.08,0
2021-09-16,150000.0,151000.0,149000.0,150000.0,2.04,0
2021-09-17,153000.0,154000.0,152000.0,153000.0,2.0,0
2021-09-22,159000.0,160000.0,158000.0,159000.0,3.92,0
2021-09-23,162000.0,163000.0,161000.0,162000.0,1.89,0
2021-09-24,165000.0,166000.0,164000.0,165000.0,1.85,0
2021-09-27,171000.0,172000.0,170000.0,171000.0,3.64,0
2021-09-28,174000.0,175000.0,173000.0,174000.0,1.75,0
2021-09-29,176000.0,177000.0,175000.0,176000.0,1.15,0
2021-09-30,176000.0,177000.0,175000.0,176000.0,0.0,0
2021-10-01,176000.0,177000.0,175000.0,176000.0,0.0,0
2021-10-04,176000.0,177000.0,175000.0,176000.0,0.0,0
2021-10-05,176000.0,177000.0,175000.0,176000.0,0.0,0
2021-10-06,176000.0,177000.0,175000.0,176000.0,0.0,0
2021-10-07,176000.0,177000.0,175000.0,176000.0,0.0,0
2021-10-08,176000.0,177000.0,175000.0,176000.0,0.0,0
2021-10-11,178000.0,179000.0,177000.0,178000.0,1.14,0
2021-10-12,178000.0,179000.0,177000.0,178000.0,0.0,0
2021-10-13,178000.0,179000.0,177000.0,178000.0,0.0,0
2021-10-14,179000.0,180000.0,178000.0,179000.0,0.56,0
2021-10-15,181000.0,182000.0,180000.0,181000.0,1.12,0
2021-10-18,181000.0,182000.0,180000.0,181000.0,0.0,0
2021-10-19,181000.0,182000.0,180000.0,181000.0,0.0,0
2021-10-20,181000.0,182000.0,180000.0,181000.0,0.0,0
2021-10-21,182500.0,185000.0,180000.0,182500.0,0.83,0
2021-10-22,182500.0,185000.0,180000.0,182500.0,0.0,0
2021-10-25,185500.0,188000.0,183000.0,185500.0,1.64,0
2021-10-26,190500.0,193000.0,188000.0,190500.0,2.7,0
2021-10-27,191500.0,194000.0,189000.0,191500.0,0.52,0
2021-10-28,192500.0,195000.0,190000.0,192500.0,0.52,0
2021-10-29,192500.0,195000.0,190000.0,192500.0,0.0,0
2021-11-01,192500.0,195000.0,190000.0,192500.0,0.0,0
2021-11-02,194500.0,197000.0,192000.0,194500.0,1.04,0
2021-11-03,194500.0,197000.0,192000.0,194500.0,0.0,0
2021-11-04,194500.0,197000.0,192000.0,194500.0,0.0,0
2021-11-05,194500.0,197000.0,192000.0,194500.0,0.0,0
2021-11-08,194500.0,197000.0,192000.0,194500.0,0.0,0
2021-11-09,194500.0,197000.0,192000.0,194500.0,0.0,0
2021-11-10,195500.0,198000.0,193000.0,195500.0,0.51,0
2021-11-11,195500.0,198000.0,193000.0,195500.0,0.0,0
2021-11-12,195500.0,198000.0,193000.0,195500.0,0.0,0
2021-11-15,195500.0,198000.0,193000.0,195500.0,0.0,0
2021-11-16,197500.0,200000.0,195000.0,197500.0,1.02,0
2021-11-17,197500.0,200000.0,195000.0,197500.0,0.0,0
2021-11-18,197500.0,200000.0,195000.0,197500.0,0.0,0
2021-11-19,197500.0,200000.0,195000.0,197500.0,0.0,0
2021-11-22,197500.0,200000.0,195000.0,197500.0,0.0,0
2021-11-23,197500.0,200000.0,195000.0,197500.0,0.0,0
2021-11-24,197500.0,200000.0,195000.0,197500.0,0.0,0
2021-11-25,197500.0,200000.0,195000.0,197500.0,0.0,0
2021-11-26,198500.0,201000.0,196000.0,198500.0,0.51,0
2021-11-29,198500.0,201000.0,196000.0,198500.0,0.0,0
2021-11-30,198500.0,201000.0,196000.0,198500.0,0.0,0
2021-12-01,200500.0,203000.0,198000.0,200500.0,1.01,0
2021-12-02,202500.0,205000.0,200000.0,202500.0,1.0,0
2021-12-03,204500.0,207000.0,202000.0,204500.0,0.99,0
2021-12-07,204500.0,207000.0,202000.0,204500.0,0.0,0
2021-12-08,210500.0,213000.0,208000.0,210500.0,2.93,0
2021-12-09,216500.0,219000.0,214000.0,216500.0,2.85,0
2021-12-10,222500.0,225000.0,222000.0,222500.0,2.77,0
2021-12-13,227500.0,230000.0,225000.0,227500.0,2.25,0
2021-12-14,227500.0,230000.0,225000.0,227500.0,0.0,0
2021-12-15,230500.0,233000.0,228000.0,230500.0,1.32,0
2021-12-16,232500.0,235000.0,230000.0,232500.0,0.87,0
2021-12-17,235500.0,238000.0,233000.0,235500.0,1.29,0
2021-12-20,242500.0,245000.0,240000.0,242500.0,2.97,0
2021-12-21,247500.0,250000.0,245000.0,247500.0,2.06,0
2021-12-22,247500.0,250000.0,245000.0,247500.0,0.0,0
2021-12-23,254500.0,257000.0,252000.0,254500.0,2.83,0
2021-12-24,261500.0,264000.0,259000.0,261500.0,2.75,0
2021-12-27,268500.0,271000.0,266000.0,268500.0,2.68,0
2021-12-28,268500.0,271000.0,266000.0,268500.0,0.0,0
2021-12-29,268500.0,271000.0,266000.0,268500.0,0.0,0
2021-12-30,268500.0,271000.0,266000.0,268500.0,0.0,0
2021-12-31,277500.0,280000.0,275000.0,277500.0,3.35,0
2022-01-04,277500.0,280000.0,275000.0,277500.0,0.0,0
2022-01-05,282500.0,285000.0,280000.0,282500.0,1.8,0
2022-01-06,290500.0,293000.0,288000.0,290500.0,2.83,0
2022-01-07,298500.0,301000.0,296000.0,298500.0,2.75,0
2022-01-10,306500.0,309000.0,304000.0,306500.0,2.68,0
2022-01-11,314500.0,317000.0,312000.0,314500.0,2.61,0
2022-01-12,322500.0,325000.0,320000.0,322500.0,2.54,0
2022-01-13,327500.0,330000.0,325000.0,327500.0,1.55,0
2022-01-14,327500.0,330000.0,325000.0,327500.0,0.0,0
2022-01-17,327500.0,330000.0,325000.0,327500.0,0.0,0
2022-01-18,332500.0,335000.0,330000.0,332500.0,1.53,0
2022-01-19,340500.0,343000.0,338000.0,340500.0,2.41,0
2022-01-20,348500.0,351000.0,346000.0,348500.0,2.35,0
2022-01-21,358500.0,361000.0,356000.0,358500.0,2.87,0
2022-01-25,367500.0,370000.0,365000.0,367500.0,2.51,0
2022-01-26,367500.0,370000.0,365000.0,367500.0,0.0,0
2022-01-27,367500.0,370000.0,365000.0,367500.0,0.0,0
2022-01-28,377500.0,380000.0,375000.0,377500.0,2.72,0
2022-02-07,382500.0,385000.0,380000.0,382500.0,1.32,0
2022-02-08,382500.0,385000.0,380000.0,382500.0,0.0,0
2022-02-09,382500.0,385000.0,380000.0,382500.0,0.0,0
2022-02-10,382500.0,385000.0,380000.0,382500.0,0.0,0
2022-02-11,392500.0,395000.0,390000.0,392500.0,2.61,0
2022-02-14,397500.0,400000.0,395000.0,397500.0,1.27,0
2022-02-15,402500.0,405000.0,400000.0,402500.0,1.26,0
2022-02-16,414500.0,417000.0,412000.0,414500.0,2.98,0
2022-02-17,426500.0,429000.0,424000.0,426500.0,2.9,0
2022-02-18,437500.0,440000.0,435000.0,437500.0,2.58,0
2022-02-21,447500.0,450000.0,445000.0,447500.0,2.29,0
2022-02-22,447500.0,450000.0,445000.0,447500.0,0.0,0
2022-02-23,460500.0,463000.0,458000.0,460500.0,2.91,0
2022-02-24,473500.0,476000.0,471000.0,473500.0,2.82,0
2022-02-25,479500.0,482000.0,477000.0,479500.0,1.27,0
2022-02-28,483500.0,486000.0,481000.0,483500.0,0.83,0
2022-03-01,483500.0,486000.0,481000.0,483500.0,0.0,0
2022-03-02,493500.0,496000.0,491000.0,493500.0,2.07,0
2022-03-03,493500.0,496000.0,491000.0,493500.0,0.0,0
2022-03-04,493500.0,496000.0,491000.0,493500.0,0.0,0
2022-03-07,493500.0,496000.0,491000.0,493500.0,0.0,0
2022-03-08,493500.0,496000.0,491000.0,493500.0,0.0,0
2022-03-09,493500.0,496000.0,491000.0,493500.0,0.0,0
2022-03-10,493500.0,496000.0,491000.0,493500.0,0.0,0
2022-03-11,493500.0,496000.0,491000.0,493500.0,0.0,0
2022-03-14,493500.0,496000.0,491000.0,493500.0,0.0,0
2022-03-15,497500.0,500000.0,495000.0,497500.0,0.81,0
2022-03-16,497500.0,500000.0,495000.0,497500.0,0.0,0
2022-03-17,497500.0,500000.0,495000.0,497500.0,0.0,0
2022-03-18,497500.0,500000.0,495000.0,497500.0,0.0,0
2022-03-21,497500.0,500000.0,495000.0,497500.0,0.0,0
2022-03-22,497500.0,500000.0,495000.0,497500.0,0.0,0
2022-03-23,497500.0,500000.0,495000.0,497500.0,0.0,0
2022-03-24,497500.0,500000.0,495000.0,497500.0,0.0,0
2022-03-25,497500.0,500000.0,495000.0,497500.0,0.0,0
2022-03-28,497500.0,500000.0,495000.0,497500.0,0.0,0
2022-03-29,497500.0,500000.0,495000.0,497500.0,0.0,0
2022-03-30,496500.0,499000.0,494000.0,496500.0,-0.2,0
2022-03-31,496500.0,499000.0,494000.0,496500.0,0.0,0
2022-04-01,496500.0,499000.0,494000.0,496500.0,0.0,0
2022-04-06,496500.0,499000.0,494000.0,496500.0,0.0,0
2022-04-07,496500.0,499000.0,494000.0,496500.0,0.0,0
2022-04-08,496500.0,499000.0,494000.0,496500.0,0.0,0
2022-04-11,482500.0,485000.0,480000.0,482500.0,-2.82,0
2022-04-12,482500.0,485000.0,480000.0,482500.0,0.0,0
2022-04-13,482500.0,485000.0,480000.0,482500.0,0.0,0
2022-04-14,482500.0,485000.0,480000.0,482500.0,0.0,0
2022-04-15,482500.0,485000.0,480000.0,482500.0,0.0,0
2022-04-18,482500.0,485000.0,480000.0,482500.0,0.0,0
2022-04-19,482500.0,485000.0,480000.0,482500.0,0.0,0
2022-04-20,480500.0,483000.0,478000.0,480500.0,-0.41,0
2022-04-21,480500.0,483000.0,478000.0,480500.0,0.0,0
2022-04-22,479500.0,482000.0,477000.0,479500.0,-0.21,0
2022-04-25,474500.0,477000.0,472000.0,474500.0,-1.04,0
2022-04-26,471500.0,474000.0,469000.0,471500.0,-0.63,0
2022-04-27,467500.0,470000.0,465000.0,467500.0,-0.85,0
2022-04-28,462500.0,465000.0,460000.0,462500.0,-1.07,0
2022-04-29,462500.0,465000.0,460000.0,462500.0,0.0,0
2022-05-02,462500.0,465000.0,460000.0,462500.0,0.0,0
2022-05-03,462500.0,465000.0,460000.0,462500.0,0.0,0
2022-05-04,462500.0,465000.0,460000.0,462500.0,0.0,0
2022-05-05,457500.0,460000.0,455000.0,457500.0,-1.08,0
2022-05-06,457500.0,460000.0,455000.0,457500.0,0.0,0
2022-05-09,457500.0,460000.0,455000.0,457500.0,0.0,0
2022-05-10,457500.0,460000.0,455000.0,457500.0,0.0,0
2022-05-11,457500.0,460000.0,455000.0,457500.0,0.0,0
2022-05-12,457500.0,460000.0,455000.0,457500.0,0.0,0
2022-05-13,457500.0,460000.0,455000.0,457500.0,0.0,0
2022-05-16,457500.0,460000.0,455000.0,457500.0,0.0,0
2022-05-17,457500.0,460000.0,455000.0,457500.0,0.0,0
2022-05-18,457500.0,460000.0,455000.0,457500.0,0.0,0
2022-05-19,457500.0,460000.0,455000.0,457500.0,0.0,0
2022-05-20,457500.0,460000.0,455000.0,457500.0,0.0,0
2022-05-23,457500.0,460000.0,455000.0,457500.0,0.0,0
2022-05-24,457500.0,460000.0,455000.0,457500.0,0.0,0
2022-05-25,458500.0,461000.0,456000.0,458500.0,0.22,0
2022-05-26,462500.0,465000.0,460000.0,462500.0,0.87,0
2022-05-27,467500.0,470000.0,465000.0,467500.0,1.08,0
2022-05-30,468500.0,471000.0,466000.0,468500.0,0.21,0
2022-05-31,468500.0,471000.0,466000.0,468500.0,0.0,0
2022-06-01,468500.0,471000.0,466000.0,468500.0,0.0,0
2022-06-02,468500.0,471000.0,466000.0,468500.0,0.0,0
2022-06-03,468500.0,471000.0,466000.0,468500.0,0.0,0
2022-06-06,472500.0,475000.0,470000.0,472500.0,0.85,0
2022-06-07,474500.0,477000.0,472000.0,474500.0,0.42,0
2022-06-08,474500.0,477000.0,472000.0,474500.0,0.0,0
2022-06-09,474500.0,477000.0,472000.0,474500.0,0.0,0
2022-06-10,474500.0,477000.0,472000.0,474500.0,0.0,0
2022-06-12,474500.0,474500.0,474500.0,474500.0,0.0,0
2022-06-13,477500.0,480000.0,475000.0,477500.0,0.63,0
2022-06-14,477500.0,480000.0,475000.0,477500.0,0.0,0
2022-06-15,477500.0,480000.0,475000.0,477500.0,0.0,0
2022-06-16,477500.0,480000.0,475000.0,477500.0,0.0,0
2022-06-17,477500.0,480000.0,475000.0,477500.0,0.0,0
2022-06-19,477500.0,477500.0,477500.0,477500.0,0.0,0
2022-06-20,477500.0,480000.0,475000.0,477500.0,0.0,0
2022-06-21,477500.0,480000.0,475000.0,477500.0,0.0,0
2022-06-22,477500.0,480000.0,475000.0,477500.0,0.0,0
2022-06-23,477500.0,480000.0,475000.0,477500.0,0.0,0
2022-06-24,477500.0,480000.0,475000.0,477500.0,0.0,0
2022-06-26,477500.0,477500.0,477500.0,477500.0,0.0,0
2022-06-27,477500.0,480000.0,475000.0,477500.0,0.0,0
2022-06-28,477500.0,480000.0,475000.0,477500.0,0.0,0
2022-06-29,475500.0,478000.0,473000.0,475500.0,-0.42,0
2022-06-30,475500.0,478000.0,473000.0,475500.0,0.0,0
2022-07-01,475500.0,478000.0,473000.0,475500.0,0.0,0
2022-07-03,475500.0,475500.0,475500.0,475500.0,0.0,0
2022-07-04,475500.0,478000.0,473000.0,475500.0,0.0,0
2022-07-05,475500.0,478000.0,473000.0,475500.0,0.0,0
2022-07-06,475500.0,478000.0,473000.0,475500.0,0.0,0
2022-07-07,475500.0,478000.0,473000.0,475500.0,0.0,0
2022-07-08,475500.0,478000.0,473000.0,475500.0,0.0,0
2022-07-10,475500.0,475500.0,475500.0,475500.0,0.0,0
2022-07-11,475500.0,478000.0,473000.0,475500.0,0.0,0
2022-07-12,475500.0,478000.0,473000.0,475500.0,0.0,0
2022-07-13,475500.0,478000.0,473000.0,475500.0,0.0,0
2022-07-14,475500.0,478000.0,473000.0,475500.0,0.0,0
2022-07-15,475500.0,478000.0,473000.0,475500.0,0.0,0
2022-07-17,475500.0,475500.0,475500.0,475500.0,0.0,0
2022-07-18,475500.0,478000.0,473000.0,475500.0,0.0,0
2022-07-19,475500.0,478000.0,473000.0,475500.0,0.0,0
2022-07-20,475500.0,478000.0,473000.0,475500.0,0.0,0
2022-07-21,475500.0,478000.0,473000.0,475500.0,0.0,0
2022-07-22,475500.0,478000.0,473000.0,475500.0,0.0,0
2022-07-24,475500.0,475500.0,475500.0,475500.0,0.0,0
2022-07-25,475500.0,478000.0,473000.0,475500.0,0.0,0
2022-07-26,476500.0,479000.0,474000.0,476500.0,0.21,0
2022-07-27,476500.0,479000.0,474000.0,476500.0,0.0,0
2022-07-28,476500.0,479000.0,474000.0,476500.0,0.0,0
2022-07-29,476500.0,479000.0,474000.0,476500.0,0.0,0
2022-07-31,476500.0,476500.0,476500.0,476500.0,0.0,0
2022-08-01,476500.0,479000.0,474000.0,476500.0,0.0,0
2022-08-02,476500.0,479000.0,474000.0,476500.0,0.0,0
2022-08-03,476500.0,479000.0,474000.0,476500.0,0.0,0
2022-08-04,476500.0,479000.0,474000.0,476500.0,0.0,0
2022-08-05,476500.0,479000.0,474000.0,476500.0,0.0,0
2022-08-07,476500.0,476500.0,476500.0,476500.0,0.0,0
2022-08-08,476500.0,479000.0,474000.0,476500.0,0.0,0
2022-08-09,476500.0,479000.0,474000.0,476500.0,0.0,0
2022-08-10,476500.0,479000.0,474000.0,476500.0,0.0,0
2022-08-11,477500.0,480000.0,475000.0,477500.0,0.21,0
2022-08-12,477500.0,480000.0,475000.0,477500.0,0.0,0
2022-08-14,477500.0,477500.0,477500.0,477500.0,0.0,0
2022-08-15,478500.0,481000.0,476000.0,478500.0,0.21,0
2022-08-16,479500.0,482000.0,477000.0,479500.0,0.21,0
2022-08-17,480500.0,483000.0,478000.0,480500.0,0.21,0
2022-08-18,480500.0,483000.0,478000.0,480500.0,0.0,0
2022-08-19,481500.0,484000.0,479000.0,481500.0,0.21,0
2022-08-21,480500.0,480500.0,480500.0,480500.0,-0.21,0
2022-08-22,484500.0,487000.0,482000.0,484500.0,0.83,0
2022-08-23,487500.0,490000.0,485000.0,487500.0,0.62,0
2022-08-24,492500.0,495000.0,490000.0,492500.0,1.03,0
2022-08-25,492500.0,495000.0,490000.0,492500.0,0.0,0
2022-08-26,492500.0,495000.0,490000.0,492500.0,0.0,0
2022-08-28,492500.0,492500.0,492500.0,492500.0,0.0,0
2022-08-29,492500.0,495000.0,490000.0,492500.0,0.0,0
2022-08-30,492500.0,495000.0,490000.0,492500.0,0.0,0
2022-08-31,492500.0,495000.0,490000.0,492500.0,0.0,0
2022-09-01,492500.0,495000.0,490000.0,492500.0,0.0,0
2022-09-02,492500.0,495000.0,490000.0,492500.0,0.0,0
2022-09-04,492500.0,492500.0,492500.0,492500.0,0.0,0
2022-09-05,494500.0,497000.0,492000.0,494500.0,0.41,0
2022-09-06,495500.0,498000.0,493000.0,495500.0,0.2,0
2022-09-07,495500.0,498000.0,493000.0,495500.0,0.0,0
2022-09-08,495500.0,498000.0,493000.0,495500.0,0.0,0
2022-09-09,495500.0,498000.0,493000.0,495500.0,0.0,0
2022-09-11,495500.0,495500.0,495500.0,495500.0,0.0,0
2022-09-12,497500.0,500000.0,495000.0,497500.0,0.4,0
2022-09-13,497500.0,500000.0,495000.0,497500.0,0.0,0
2022-09-14,497500.0,500000.0,495000.0,497500.0,0.0,0
2022-09-15,497500.0,500000.0,495000.0,497500.0,0.0,0
2022-09-16,500500.0,503000.0,498000.0,500500.0,0.6,0
2022-09-18,497500.0,497500.0,497500.0,497500.0,-0.6,0
2022-09-19,500500.0,503000.0,498000.0,500500.0,0.6,0
2022-09-20,501500.0,504000.0,499000.0,501500.0,0.2,0
2022-09-21,501500.0,504000.0,499000.0,501500.0,0.0,0
2022-09-22,501500.0,504000.0,499000.0,501500.0,0.0,0
2022-09-23,501500.0,504000.0,499000.0,501500.0,0.0,0
2022-09-25,501500.0,501500.0,501500.0,501500.0,0.0,0
2022-09-26,502500.0,505000.0,500000.0,502500.0,0.2,0
2022-09-27,510500.0,513000.0,508000.0,510500.0,1.59,0
2022-09-28,510500.0,513000.0,508000.0,510500.0,0.0,0
2022-09-29,510500.0,513000.0,508000.0,510500.0,0.0,0
2022-09-30,510500.0,513000.0,508000.0,510500.0,0.0,0
2022-10-10,517500.0,520000.0,515000.0,517500.0,1.37,0
2022-10-11,522500.0,525000.0,520000.0,522500.0,0.97,0
2022-10-12,522500.0,525000.0,520000.0,522500.0,0.0,0
2022-10-13,527500.0,530000.0,525000.0,527500.0,0.96,0
2022-10-14,537500.0,540000.0,535000.0,537500.0,1.9,0
2022-10-17,542500.0,545000.0,540000.0,542500.0,0.93,0
2022-10-18,542500.0,545000.0,540000.0,542500.0,0.0,0
2022-10-19,542500.0,545000.0,540000.0,542500.0,0.0,0
2022-10-20,542500.0,545000.0,540000.0,542500.0,0.0,0
2022-10-21,552500.0,555000.0,550000.0,552500.0,1.84,0
2022-10-24,552500.0,555000.0,550000.0,552500.0,0.0,0
2022-10-25,552500.0,555000.0,550000.0,552500.0,0.0,0
2022-10-26,562500.0,565000.0,560000.0,562500.0,1.81,0
2022-10-27,562500.0,565000.0,560000.0,562500.0,0.0,0
2022-10-28,564500.0,567000.0,562000.0,564500.0,0.36,0
2022-10-30,562500.0,562500.0,562500.0,562500.0,-0.35,0
2022-11-01,572500.0,575000.0,570000.0,572500.0,1.78,0
2022-11-02,577500.0,580000.0,575000.0,577500.0,0.87,0
2022-11-04,577500.0,580000.0,575000.0,577500.0,0.0,0
2022-11-06,577500.0,580000.0,575000.0,577500.0,0.0,0
2022-11-07,592500.0,595000.0,590000.0,592500.0,2.6,0
2022-11-13,592500.0,595000.0,590000.0,592500.0,0.0,0
2022-11-14,597500.0,600000.0,595000.0,597500.0,0.84,0
2022-11-20,592500.0,595000.0,590000.0,592500.0,-0.84,0
2022-11-21,591500.0,594000.0,589000.0,591500.0,-0.17,0
2022-11-22,591500.0,594000.0,589000.0,591500.0,0.0,0
2022-11-23,590500.0,593000.0,588000.0,590500.0,-0.17,0
2022-11-25,582500.0,585000.0,580000.0,582500.0,-1.35,0
2022-11-27,582500.0,585000.0,580000.0,582500.0,0.0,0
2022-11-28,577500.0,580000.0,575000.0,577500.0,-0.86,0
2022-11-29,577500.0,580000.0,575000.0,577500.0,0.0,0
2022-11-30,577500.0,580000.0,575000.0,577500.0,0.0,0
2022-12-01,577500.0,580000.0,575000.0,577500.0,0.0,0
2022-12-02,577500.0,580000.0,575000.0,577500.0,0.0,0
2022-12-05,577500.0,580000.0,575000.0,577500.0,0.0,0
2022-12-06,572500.0,5750000.0,570000.0,572500.0,-0.87,0
2022-12-07,572500.0,5750000.0,570000.0,572500.0,0.0,0
2022-12-11,571500.0,5740000.0,569000.0,571500.0,-0.17,0
2022-12-12,567500.0,570000.0,565000.0,567500.0,-0.7,0
2022-12-13,563500.0,566000.0,561000.0,563500.0,-0.7,0
2022-12-14,563500.0,566000.0,561000.0,563500.0,0.0,0
2022-12-16,562500.0,565000.0,560000.0,562500.0,-0.18,0
2022-12-18,562500.0,565000.0,560000.0,562500.0,0.0,0
2022-12-19,553500.0,556000.0,551000.0,553500.0,-1.6,0
2022-12-21,553500.0,556000.0,551000.0,553500.0,0.0,0
2022-12-22,547500.0,550000.0,545000.0,547500.0,-1.08,0
2022-12-23,547500.0,550000.0,545000.0,547500.0,0.0,0
2022-12-25,537500.0,540000.0,535000.0,537500.0,-1.83,0
2022-12-26,536500.0,539000.0,534000.0,536500.0,-0.19,0
2022-12-27,532500.0,535000.0,530000.0,532500.0,-0.75,0
2022-12-30,532500.0,535000.0,530000.0,532500.0,0.0,0
2023-01-01,519500.0,522000.0,517000.0,519500.0,-2.44,0
2023-01-03,519500.0,522000.0,517000.0,519500.0,0.0,0
2023-01-05,519500.0,522000.0,517000.0,519500.0,0.0,0
2023-01-06,519500.0,522000.0,517000.0,519500.0,0.0,0
2023-01-08,519500.0,522000.0,517000.0,519500.0,0.0,0
2023-01-09,502500.0,505000.0,500000.0,502500.0,-3.27,0
2023-01-11,482500.0,485000.0,480000.0,482500.0,-3.98,0
2023-01-13,482500.0,485000.0,480000.0,482500.0,0.0,0
2023-01-16,480500.0,483000.0,478000.0,480500.0,-0.41,0
2023-01-17,477500.0,480000.0,475000.0,477500.0,-0.62,0
2023-01-18,477500.0,480000.0,475000.0,477500.0,0.0,0
2023-01-20,477500.0,480000.0,475000.0,477500.0,0.0,0
2023-01-22,477500.0,480000.0,475000.0,477500.0,0.0,0
2023-01-24,477500.0,480000.0,475000.0,477500.0,0.0,0
2023-01-26,477500.0,480000.0,475000.0,477500.0,0.0,0
2023-01-27,477500.0,480000.0,475000.0,477500.0,0.0,0
2023-01-29,477500.0,480000.0,475000.0,477500.0,0.0,0
2023-01-30,477500.0,480000.0,475000.0,477500.0,0.0,0
2023-01-31,477500.0,480000.0,475000.0,477500.0,0.0,0
2023-02-02,472500.0,475000.0,470000.0,472500.0,-1.05,0
2023-02-03,472500.0,475000.0,470000.0,472500.0,0.0,0
2023-02-05,472500.0,475000.0,470000.0,472500.0,0.0,0
2023-02-06,472500.0,475000.0,470000.0,472500.0,0.0,0
2023-02-07,472500.0,475000.0,470000.0,472500.0,0.0,0
2023-02-09,472500.0,475000.0,470000.0,472500.0,0.0,0
2023-02-10,472500.0,475000.0,470000.0,472500.0,0.0,0
2023-02-13,472500.0,475000.0,470000.0,472500.0,0.0,0
2023-02-15,472500.0,475000.0,470000.0,472500.0,0.0,0
2023-02-16,472500.0,475000.0,470000.0,472500.0,0.0,0
2023-02-17,472500.0,475000.0,470000.0,472500.0,0.0,0
2023-02-20,422500.0,425000.0,420000.0,422500.0,-10.58,0
2023-02-22,417500.0,420000.0,415000.0,417500.0,-1.18,0
2023-02-23,393500.0,396000.0,391000.0,393500.0,-5.75,0
2023-02-24,393500.0,396000.0,391000.0,393500.0,0.0,0
2023-02-26,393500.0,396000.0,391000.0,393500.0,0.0,0
2023-02-27,382500.0,385000.0,380000.0,382500.0,-2.8,0
2023-02-28,382500.0,385000.0,380000.0,382500.0,0.0,0
2023-03-02,365500.0,368000.0,363000.0,365500.0,-4.44,0
2023-03-03,362500.0,365000.0,360000.0,362500.0,-0.82,0
2023-03-06,357500.0,360000.0,355000.0,357500.0,-1.38,0
2023-03-08,357500.0,360000.0,355000.0,357500.0,0.0,0
2023-03-09,357500.0,360000.0,355000.0,357500.0,0.0,0
2023-03-10,337500.0,340000.0,330000.0,337500.0,-5.59,0
2023-03-13,332500.0,335000.0,330000.0,332500.0,-1.48,0
2023-03-15,327500.0,330000.0,325000.0,327500.0,-1.5,0
2023-03-17,319500.0,322000.0,317000.0,319500.0,-2.44,0
2023-03-19,319500.0,322000.0,317000.0,319500.0,0.0,0
2023-03-20,307500.0,310000.0,305000.0,307500.0,-3.76,0
2023-03-21,292500.0,295000.0,290000.0,292500.0,-4.88,0
2023-03-23,284500.0,287000.0,282000.0,284500.0,-2.74,0
2023-03-24,276500.0,279000.0,274000.0,276500.0,-2.81,0
2023-03-26,276500.0,279000.0,274000.0,276500.0,0.0,0
2023-03-27,268500.0,271000.0,266000.0,268500.0,-2.89,0
2023-03-28,260500.0,263000.0,258000.0,260500.0,-2.98,0
2023-03-29,260500.0,263000.0,258000.0,260500.0,0.0,0
2023-03-30,243500.0,246000.0,241000.0,243500.0,-6.53,0
2023-03-31,236500.0,239000.0,234000.0,236500.0,-2.87,0
2023-04-02,236500.0,239000.0,234000.0,236500.0,0.0,0
2023-04-03,229500.0,232000.0,227000.0,229500.0,-2.96,0
2023-04-05,217500.0,220000.0,215000.0,217500.0,-5.23,0
2023-04-06,217500.0,220000.0,215000.0,217500.0,0.0,0
2023-04-07,217500.0,220000.0,215000.0,217500.0,0.0,0
2023-04-09,217500.0,220000.0,215000.0,217500.0,0.0,0
2023-04-10,217500.0,220000.0,215000.0,217500.0,0.0,0
2023-04-11,212500.0,215000.0,210000.0,212500.0,-2.3,0
2023-04-12,212500.0,215000.0,210000.0,212500.0,0.0,0
2023-04-14,197500.0,200000.0,195000.0,197500.0,-7.06,0
2023-04-16,197500.0,200000.0,195000.0,197500.0,0.0,0
2023-04-17,192500.0,195000.0,190000.0,192500.0,-2.53,0
2023-04-19,182500.0,185000.0,180000.0,182500.0,-5.19,0
2023-04-21,177500.0,180000.0,175000.0,177500.0,-2.74,0
2023-04-23,177500.0,180000.0,175000.0,177500.0,0.0,0
2023-04-24,172500.0,175000.0,170000.0,172500.0,-2.82,0
2023-04-25,165500.0,168000.0,163000.0,165500.0,-4.06,0
2023-04-27,165500.0,168000.0,163000.0,165500.0,0.0,0
2023-04-28,172500.0,175000.0,170000.0,172500.0,4.23,0
2023-04-30,172500.0,175000.0,170000.0,172500.0,0.0,0
2023-05-02,172500.0,180000.0,175000.0,177500.0,2.9,0
2023-05-03,177500.0,180000.0,175000.0,177500.0,0.0,0
2023-05-05,177500.0,180000.0,175000.0,177500.0,0.0,0
2023-05-07,177500.0,180000.0,175000.0,177500.0,0.0,0
2023-05-08,192500.0,195000.0,190000.0,192500.0,8.45,0
2023-05-10,197500.0,200000.0,195000.0,197500.0,2.6,0
2023-05-11,197500.0,200000.0,195000.0,197500.0,0.0,0
2023-05-12,202500.0,205000.0,200000.0,202500.0,2.53,0
2023-05-14,202500.0,205000.0,200000.0,202500.0,0.0,0
2023-05-15,207500.0,210000.0,205000.0,207500.0,2.47,0
2023-05-16,227500.0,230000.0,225000.0,227500.0,9.64,0
2023-05-18,227500.0,230000.0,225000.0,227500.0,0.0,0
2023-05-19,227500.0,230000.0,225000.0,227500.0,0.0,0
2023-05-22,227500.0,230000.0,225000.0,227500.0,0.0,0
